Name,Sector,Asset Class,Market Value,Weight (%),Notional Value,Par Value,Location,Exchange,Currency,Duration,YTM (%),FX Rate,Maturity,Coupon (%),Mod. Duration,Yield to Call (%),Yield to Worst (%),Real Duration,Real YTM (%),Market Currency,Accrual Date,Effective Date
PALO ALTO NETWORKS INC,Technology,Fixed Income,"32,309,594.18",1.63,"32,309,594.18","10,288,000.00",United States,--,USD,0.00,0.12,1.00,"Jun 01, 2025",0.38,1.80,--,0.12,1.80,0.12,USD,"Jun 08, 2020","Jun 08, 2020"
ROYAL CARIBBEAN GR,Consumer Cyclical,Fixed Income,"28,946,002.16",1.46,"28,946,002.16","10,052,000.00",United States,--,USD,0.06,2.08,1.00,"Aug 15, 2025",6.00,1.84,--,2.08,1.84,2.08,USD,"Aug 05, 2022","44,778.00"
WESTERN DIGITAL CORPORATION 144A,Technology,Fixed Income,"21,679,413.30",1.09,"21,679,413.30","13,625,000.00",United States,--,USD,0.74,1.89,1.00,"Nov 15, 2028",3.00,4.48,--,1.89,4.48,1.89,USD,"Nov 03, 2023","Nov 03, 2023"
MICROSTRATEGY,Technology,Fixed Income,"21,247,616.98",1.07,"21,247,616.98","5,625,000.00",United States,--,USD,0.38,0.20,1.00,"Dec 15, 2025",0.75,2.40,--,0.20,2.40,0.20,USD,"Dec 11, 2020","Dec 11, 2020"
FORD MOTOR COMPANY,Consumer Cyclical,Fixed Income,"20,068,070.99",1.01,"20,068,070.99","19,890,000.00",United States,--,USD,1.13,0.18,1.00,"Mar 15, 2026",0.00,1.84,--,0.18,1.84,0.18,USD,"Mar 19, 2021","Mar 19, 2021"
PG&E CORPORATION 144A,Electric,Fixed Income,"19,549,003.54",0.99,"19,549,003.54","18,594,000.00",United States,--,USD,2.09,4.27,1.00,"Dec 01, 2027",4.25,3.27,--,4.27,3.27,4.27,USD,"Dec 04, 2023","Dec 04, 2023"
MONGODB INC,Technology,Fixed Income,"18,240,989.75",0.92,"18,240,989.75","9,958,000.00",United States,--,USD,0.02,0.14,1.00,"Jan 15, 2026",0.25,1.99,--,0.14,1.99,0.14,USD,"Jan 14, 2020","Jan 14, 2020"
SEAGATE HDD CAYMAN 144A,Technology,Fixed Income,"17,179,124.53",0.87,"17,179,124.53","13,025,000.00",Ireland,--,USD,1.16,2.65,1.00,"Jun 01, 2028",3.50,3.89,--,2.65,3.89,2.65,USD,"Sep 13, 2023","Sep 13, 2023"
UBER TECHNOLOGIES INC 144A,Consumer Cyclical,Fixed Income,"16,836,756.54",0.85,"16,836,756.54","14,775,000.00",United States,--,USD,1.64,0.76,1.00,"Dec 01, 2028",0.88,4.58,--,0.76,4.58,0.76,USD,"Nov 24, 2023","Nov 24, 2023"
GLOBAL PAYMENTS INC 144A,Technology,Fixed Income,"16,441,654.41",0.83,"16,441,654.41","17,228,000.00",United States,--,USD,3.39,2.26,1.00,"Mar 01, 2031",1.50,6.42,--,2.26,6.42,2.26,USD,"Feb 23, 2024","Feb 23, 2024"
SUPER MICRO COMPUTER INC 144A,Technology,Fixed Income,"15,932,102.51",0.80,"15,932,102.51","14,928,000.00",United States,--,USD,2.43,0.00,1.00,"Mar 01, 2029",0.00,4.86,--,0.00,4.86,0.00,USD,"Feb 27, 2024","Feb 27, 2024"
AIRBNB INC,Consumer Cyclical,Fixed Income,"15,568,570.50",0.79,"15,568,570.50","17,015,000.00",United States,--,USD,1.63,4.91,1.00,"Mar 15, 2026",0.00,1.75,--,4.91,1.75,4.91,USD,"Mar 08, 2021","Mar 08, 2021"
DISH NETWORK CORP,Communications,Fixed Income,"14,884,437.36",0.75,"14,884,437.36","25,158,000.00",United States,--,USD,1.65,30.20,1.00,"Aug 15, 2026",3.38,1.85,--,30.20,1.85,30.20,USD,"Aug 08, 2016","Aug 08, 2016"
SOUTHERN CO,Electric,Fixed Income,"14,672,946.45",0.74,"14,672,946.45","14,000,000.00",United States,--,USD,0.95,3.73,1.00,"Dec 15, 2025",3.88,1.52,--,3.73,1.52,3.73,USD,"Feb 28, 2023","Feb 28, 2023"
BOOKING HOLDINGS INC,Consumer Cyclical,Fixed Income,"14,175,099.87",0.72,"14,175,099.87","7,031,000.00",United States,--,USD,0.00,0.37,1.00,"May 01, 2025",0.75,1.38,--,0.37,1.38,0.37,USD,"Apr 14, 2020","Apr 14, 2020"
DUKE ENERGY CORP,Electric,Fixed Income,"14,067,776.23",0.71,"14,067,776.23","13,931,000.00",United States,--,USD,1.81,3.78,1.00,"Apr 15, 2026",4.13,1.82,--,3.78,1.82,3.78,USD,"Apr 06, 2023","Apr 08, 2023"
CARNIVAL CORP,Consumer Cyclical,Fixed Income,"14,030,257.15",0.71,"14,030,257.15","9,775,000.00",United States,--,USD,1.22,4.08,1.00,"Dec 01, 2027",5.75,3.33,--,4.08,3.33,4.08,USD,"Nov 18, 2022","Nov 18, 2022"
SOUTHWEST AIRLINES CO,Transportation,Fixed Income,"13,898,753.41",0.70,"13,898,753.41","13,935,000.00",United States,--,USD,0.74,2.03,1.00,"May 01, 2025",1.25,0.96,--,2.03,0.96,2.03,USD,"May 01, 2020","May 01, 2020"
FIRSTENERGY CORPORATION,Electric,Fixed Income,"13,107,361.57",0.66,"13,107,361.57","13,028,000.00",United States,--,USD,1.27,0.00,1.00,"May 01, 2026",4.00,0.00,--,0.00,0.00,0.00,USD,"May 04, 2023","May 04, 2023"
EVERGY INC 144A,Electric,Fixed Income,"13,033,159.96",0.66,"13,033,159.96","12,464,000.00",United States,--,USD,1.95,4.30,1.00,"Dec 15, 2027",4.50,3.23,--,4.30,3.23,4.30,USD,"Dec 07, 2023","Dec 07, 2023"
ZSCALER INC,Technology,Fixed Income,"13,002,769.98",0.66,"13,002,769.98","9,932,000.00",United States,--,USD,0.22,0.10,1.00,"Jul 01, 2025",0.13,1.27,--,0.10,1.27,0.10,USD,"Jun 25, 2020","Jun 25, 2020"
SEA LTD,Technology,Fixed Income,"12,707,872.85",0.64,"12,707,872.85","14,675,000.00",Cayman Islands,--,USD,2.12,6.56,1.00,"Sep 15, 2026",0.25,2.25,--,6.56,2.25,6.56,USD,"Sep 14, 2021","Sep 14, 2021"
DISH NETWORK CORP,Communications,Fixed Income,"12,374,432.27",0.62,"12,374,432.27","16,910,000.00",United States,--,USD,1.29,20.73,1.00,"Dec 15, 2025",0.00,1.30,--,20.73,1.30,20.73,USD,"Dec 21, 2020","Dec 21, 2020"
ON SEMICONDUCTOR CORPORATION,Technology,Fixed Income,"12,176,909.61",0.61,"12,176,909.61","12,162,000.00",United States,--,USD,2.42,0.50,1.00,"Mar 01, 2029",0.50,4.73,--,0.50,4.73,0.50,USD,"Feb 28, 2023","Feb 28, 2023"
SPOTIFY USA INC,Consumer Cyclical,Fixed Income,"12,106,741.74",0.61,"12,106,741.74","12,820,000.00",United States,--,USD,1.40,3.15,1.00,"Mar 15, 2026",0.00,1.78,--,3.15,1.78,3.15,USD,"Mar 02, 2021","Mar 02, 2021"
COINBASE GLOBAL IN,Brokerage/Asset Managers/Exchanges,Fixed Income,"12,036,478.21",0.61,"12,036,478.21","11,775,000.00",United States,--,USD,1.25,0.49,1.00,"Jun 01, 2026",0.50,2.04,--,0.49,2.04,0.49,USD,"May 21, 2021","May 21, 2021"
MICROSTRATEGY INCORPORATED,Technology,Fixed Income,"11,805,494.03",0.60,"11,805,494.03","9,300,000.00",United States,--,USD,0.80,0.00,1.00,"Feb 15, 2027",0.00,3.00,--,0.00,3.00,0.00,USD,"Feb 19, 2021","Feb 19, 2021"
DEXCOM INC 144A,Consumer Non-Cyclical,Fixed Income,"11,102,715.04",0.56,"11,102,715.04","10,800,000.00",United States,--,USD,1.95,0.36,1.00,"May 15, 2028",0.38,3.98,--,0.36,3.98,0.36,USD,"May 05, 2023","May 05, 2023"
DEXCOM INC,Consumer Non-Cyclical,Fixed Income,"11,044,268.61",0.56,"11,044,268.61","10,445,000.00",United States,--,USD,0.79,0.24,1.00,"Nov 15, 2025",0.25,1.52,--,0.24,1.52,0.24,USD,"May 14, 2020","May 14, 2020"
PIONEER NATURAL RESOURCES COMPANY,Energy,Fixed Income,"11,026,006.72",0.56,"11,026,006.72","3,649,000.00",United States,--,USD,0.31,0.08,1.00,"May 15, 2025",0.25,1.74,--,0.08,1.74,0.08,USD,"May 14, 2020","May 14, 2020"
NEXTERA ENERGY CAPITAL HOLDINGS IN 144A,Electric,Fixed Income,"10,909,753.44",0.55,"10,909,753.44","9,054,000.00",United States,--,USD,1.31,2.79,1.00,"Mar 01, 2027",3.00,2.76,--,2.79,2.76,2.79,USD,"Mar 01, 2024","Mar 01, 2024"
AKAMAI TECHNOLOGIES INC 144A,Technology,Fixed Income,"10,795,340.22",0.54,"10,795,340.22","11,125,000.00",United States,--,USD,2.40,1.84,1.00,"Feb 15, 2029",1.13,4.58,--,1.84,4.58,1.84,USD,"Aug 18, 2023","Aug 18, 2023"
SEA LTD,Technology,Fixed Income,"10,783,978.06",0.54,"10,783,978.06","9,930,000.00",Cayman Islands,--,USD,0.89,2.19,1.00,"Dec 01, 2025",2.38,1.53,--,2.19,1.53,2.19,USD,"May 22, 2020","May 22, 2020"
SAREPTA THERAPEUTICS INC,Consumer Non-Cyclical,Fixed Income,"10,675,088.98",0.54,"10,675,088.98","9,050,000.00",United States,--,USD,1.30,1.06,1.00,"Sep 15, 2027",1.25,3.34,--,1.06,3.34,1.06,USD,"Sep 16, 2022","Sep 16, 2022"
COINBASE GLOBAL INC 144A,Brokerage/Asset Managers/Exchanges,Fixed Income,"10,519,591.42",0.53,"10,519,591.42","11,050,000.00",United States,--,USD,2.67,1.10,1.00,"Apr 01, 2030",0.25,5.80,--,1.10,5.80,1.10,USD,"Mar 18, 2024","Mar 18, 2024"
AKAMAI TECHNOLOGIES INC,Technology,Fixed Income,"10,502,194.14",0.53,"10,502,194.14","9,572,000.00",United States,--,USD,0.39,0.11,1.00,"May 01, 2025",0.13,1.01,--,0.11,1.01,0.11,USD,"May 21, 2018","May 21, 2018"
ON SEMICONDUCTOR CORPORATION,Technology,Fixed Income,"10,402,024.55",0.53,"10,402,024.55","6,950,000.00",United States,--,USD,0.19,0.00,1.00,"May 01, 2027",0.00,3.39,--,0.00,3.39,0.00,USD,"May 14, 2021","May 14, 2021"
UBER TECHNOLOGIES INC,Consumer Cyclical,Fixed Income,"10,368,610.19",0.52,"10,368,610.19","9,935,000.00",United States,--,USD,0.89,0.00,1.00,"Dec 15, 2025",0.00,1.64,--,0.00,1.64,0.00,USD,"Dec 11, 2020","Dec 11, 2020"
LIBERTY BROADBAND CORP 144A,Communications,Fixed Income,"10,335,908.82",0.52,"10,335,908.82","10,931,000.00",United States,--,USD,1.57,3.46,1.00,"Apr 06, 2026",3.13,18.55,--,6.48,1.81,6.48,USD,"Feb 28, 2023","Feb 28, 2023"
WAYFAIR INC 144A,Consumer Cyclical,Fixed Income,"10,319,482.19",0.52,"10,319,482.19","5,975,000.00",United States,--,USD,0.65,2.03,1.00,"Nov 15, 2028",3.50,4.49,--,2.03,4.49,2.03,USD,"May 12, 2023","May 12, 2023"
SNAP INC,Technology,Fixed Income,"10,291,533.13",0.52,"10,291,533.13","12,975,000.00",United States,--,USD,3.21,6.35,1.00,"Mar 01, 2028",0.13,3.67,--,6.35,3.67,6.35,USD,"Feb 11, 2022","Feb 11, 2022"
AFFIRM HOLDINGS INC,Technology,Fixed Income,"10,265,659.01",0.52,"10,265,659.01","12,325,000.00",United States,--,USD,2.22,7.45,1.00,"Nov 15, 2026",0.00,2.32,--,7.45,2.32,7.45,USD,"Nov 23, 2021","Nov 23, 2021"
SOUTHERN COMPANY (THE) 144A,Electric,Fixed Income,"10,202,010.70",0.51,"10,202,010.70","10,000,000.00",United States,--,USD,2.01,4.44,1.00,"Jun 15, 2027",4.50,2.87,--,4.44,2.87,4.44,USD,"May 09, 2024","May 09, 2024"
DIGITALOCEAN HOLDINGS INC,Technology,Fixed Income,"10,157,769.90",0.51,"10,157,769.90","12,025,000.00",United States,--,USD,2.27,6.74,1.00,"Dec 01, 2026",0.00,2.38,--,6.74,2.38,6.74,USD,"Nov 18, 2021","Nov 18, 2021"
AKAMAI TECHNOLOGIES INC,Technology,Fixed Income,"10,076,812.89",0.51,"10,076,812.89","10,101,000.00",United States,--,USD,1.65,0.47,1.00,"Sep 01, 2027",0.38,3.27,--,0.47,3.27,0.47,USD,"Aug 16, 2019","Aug 16, 2019"
ALLEGHENY TECHNOLOGIES INCORPORATE,Basic Industry,Fixed Income,"10,039,774.52",0.51,"10,039,774.52","2,519,000.00",United States,--,USD,0.00,0.88,1.00,"Jun 15, 2025",3.50,2.00,--,0.88,2.00,0.88,USD,"Jun 22, 2020","Jun 22, 2020"
RIVIAN AUTOMOTIVE INC 144A,Consumer Cyclical,Fixed Income,"9,911,674.64",0.50,"9,911,674.64","14,900,000.00",United States,--,USD,2.08,11.13,1.00,"Oct 15, 2030",3.63,5.28,--,11.13,5.28,11.13,USD,"Oct 11, 2023","Oct 11, 2023"
RIVIAN AUTOMOTIVE INC,Consumer Cyclical,Fixed Income,"9,910,622.61",0.50,"9,910,622.61","12,950,000.00",United States,--,USD,1.81,11.26,1.00,"Mar 15, 2029",4.63,4.04,--,11.26,4.04,11.26,USD,"Mar 10, 2023","Mar 10, 2023"
DRAFTKINGS INC,Consumer Cyclical,Fixed Income,"9,900,104.43",0.50,"9,900,104.43","11,525,000.00",United States,--,USD,2.68,4.00,1.00,"Mar 15, 2028",0.00,3.68,--,4.00,3.68,4.00,USD,"Mar 18, 2021","Mar 18, 2021"
LIVE NATION ENTERTAINMENT INC,Consumer Cyclical,Fixed Income,"9,764,182.80",0.49,"9,764,182.80","8,525,000.00",United States,--,USD,1.85,2.73,1.00,"Jan 15, 2029",3.13,4.36,--,2.73,4.36,2.73,USD,"Jan 12, 2023","Jan 12, 2023"
CLOUDFLARE INC,Technology,Fixed Income,"9,666,443.32",0.49,"9,666,443.32","10,750,000.00",United States,--,USD,1.96,4.78,1.00,"Aug 15, 2026",0.00,2.15,--,4.78,2.15,4.78,USD,"Aug 13, 2021","Aug 13, 2021"
WELLTOWER OP LLC 144A,Reits,Fixed Income,"9,651,778.78",0.49,"9,651,778.78","8,275,000.00",United States,--,USD,1.27,2.36,1.00,"May 15, 2028",2.75,3.86,--,2.36,3.86,2.36,USD,"May 11, 2023","May 11, 2023"
AMERICAN AIRLINES GROUP INC,Transportation,Fixed Income,"9,624,209.25",0.49,"9,624,209.25","8,310,000.00",United States,--,USD,0.63,5.69,1.00,"Jul 01, 2025",6.50,1.12,--,5.69,1.12,5.69,USD,"Jun 25, 2020","Jun 25, 2020"
LIBERTY MEDIA CORP 144A,Communications,Fixed Income,"9,612,563.10",0.49,"9,612,563.10","8,750,000.00",United States,--,USD,1.74,2.16,1.00,"Sep 30, 2028",2.38,21.49,--,2.16,4.17,2.16,USD,"Sep 14, 2023","Sep 14, 2023"
BLK CSH FND TREASURY SL AGENCY,Cash and/or Derivatives,Money Market,"9,499,999.99",0.48,"9,499,999.99","9,500,000.00",United States,--,USD,0.11,5.14,1.00,--,5.34,0.13,--,5.14,0.13,5.14,USD,--,"Feb 04, 2009"
LUCID GROUP INC 144A,Consumer Cyclical,Fixed Income,"9,443,089.85",0.48,"9,443,089.85","17,400,000.00",United States,--,USD,1.93,27.37,1.00,"Dec 15, 2026",1.25,2.21,--,27.37,2.21,27.37,USD,"Dec 14, 2021","Dec 14, 2021"
HUBSPOT INC,Technology,Fixed Income,"9,320,566.03",0.47,"9,320,566.03","4,264,000.00",United States,--,USD,0.00,0.17,1.00,"Jun 01, 2025",0.38,1.51,--,0.17,1.51,0.17,USD,"Jun 04, 2020","Jun 04, 2020"
DATADOG INC,Technology,Fixed Income,"9,299,104.41",0.47,"9,299,104.41","6,854,000.00",United States,--,USD,0.02,0.09,1.00,"Jun 15, 2025",0.13,1.25,--,0.09,1.25,0.09,USD,"Jun 02, 2020","Jun 02, 2020"
NCL CORP LTD,Consumer Cyclical,Fixed Income,"9,228,021.71",0.47,"9,228,021.71","10,350,000.00",United States,--,USD,2.19,5.54,1.00,"Feb 15, 2027",1.13,2.63,--,5.54,2.63,5.54,USD,"Nov 19, 2021","Nov 19, 2021"
UNITY SOFTWARE INC,Technology,Fixed Income,"9,213,031.97",0.47,"9,213,031.97","10,775,000.00",United States,--,USD,2.30,6.36,1.00,"Nov 15, 2026",0.00,2.35,--,6.36,2.35,6.36,USD,"Nov 19, 2021","Nov 19, 2021"
INSIGHT ENTERPRISES INC,Technology,Fixed Income,"9,091,638.88",0.46,"9,091,638.88","2,953,000.00",United States,--,USD,0.00,0.24,1.00,"Feb 15, 2025",0.75,1.58,--,0.24,1.58,0.24,USD,"Aug 15, 2019","Aug 15, 2019"
BLOCK INC,Technology,Fixed Income,"9,017,299.25",0.46,"9,017,299.25","9,226,000.00",United States,--,USD,0.67,3.06,1.00,"Mar 01, 2025",0.13,0.78,--,3.06,0.78,3.06,USD,"Mar 05, 2020","Mar 05, 2020"
PPL CAPITAL FUNDING INC,Electric,Fixed Income,"8,894,639.76",0.45,"8,894,639.76","9,012,000.00",United States,--,USD,1.99,3.37,1.00,"Mar 15, 2028",2.88,3.58,--,3.37,3.58,3.37,USD,"Feb 24, 2023","Feb 24, 2023"
LI AUTO INC,Consumer Cyclical,Fixed Income,"8,790,754.98",0.44,"8,790,754.98","7,675,000.00",Cayman Islands,--,USD,1.05,0.22,1.00,"May 01, 2028",0.25,4.01,--,0.22,4.01,0.22,USD,"Apr 12, 2021","Apr 12, 2021"
WAYFAIR INC,Consumer Cyclical,Fixed Income,"8,614,520.34",0.43,"8,614,520.34","6,350,000.00",United States,--,USD,0.88,2.40,1.00,"Sep 15, 2027",3.25,3.30,--,2.40,3.30,2.40,USD,"Sep 13, 2022","Sep 13, 2022"
MICROSTRATEGY INCORPORATED 144A,Technology,Fixed Income,"8,567,635.56",0.43,"8,567,635.56","7,100,000.00",United States,--,USD,1.38,0.52,1.00,"Mar 15, 2030",0.63,5.82,--,0.52,5.82,0.52,USD,"Mar 08, 2024","Mar 08, 2024"
ZTO EXPRESS,Transportation,Fixed Income,"8,512,871.75",0.43,"8,512,871.75","8,650,000.00",China,--,USD,1.08,2.10,1.00,"Sep 01, 2027",1.50,3.18,--,3.00,1.26,3.00,USD,"Aug 29, 2022","Aug 29, 2022"
UNITED STATES STEEL CORP,Basic Industry,Fixed Income,"8,422,303.83",0.43,"8,422,303.83","2,932,000.00",United States,--,USD,0.00,1.75,1.00,"Nov 01, 2026",5.00,2.93,--,1.75,2.93,1.75,USD,"Oct 21, 2019","Oct 21, 2019"
ALNYLAM PHARMACEUTICALS INC,Technology,Fixed Income,"8,399,239.17",0.42,"8,399,239.17","8,950,000.00",United States,--,USD,2.26,3.01,1.00,"Sep 15, 2027",1.00,3.23,--,3.01,3.23,3.01,USD,"Sep 15, 2022","Sep 15, 2022"
AXON ENTERPRISE INC,Technology,Fixed Income,"8,323,956.17",0.42,"8,323,956.17","6,008,000.00",United States,--,USD,0.73,0.36,1.00,"Dec 15, 2027",0.50,3.71,--,0.36,3.71,0.36,USD,"Dec 09, 2022","Dec 09, 2022"
AMERICAN WATER CAPITAL CORP 144A,Utility Other,Fixed Income,"8,323,931.62",0.42,"8,323,931.62","8,275,000.00",United States,--,USD,1.48,4.09,1.00,"Jun 15, 2026",3.63,1.96,--,4.09,1.96,4.09,USD,"Jun 29, 2023","Jun 29, 2023"
JAZZ INVESTMENTS I LTD,Consumer Non-Cyclical,Fixed Income,"8,261,853.57",0.42,"8,261,853.57","8,500,000.00",Bermuda,--,USD,1.46,3.83,1.00,"Jun 15, 2026",2.00,1.99,--,3.83,1.99,3.83,USD,"Jun 11, 2020","Jun 11, 2020"
SHOCKWAVE MEDICAL INC 144A,Consumer Non-Cyclical,Fixed Income,"8,255,894.90",0.42,"8,255,894.90","6,473,000.00",United States,--,USD,1.05,0.78,1.00,"Aug 15, 2028",1.00,4.28,--,0.78,4.28,0.78,USD,"Aug 15, 2023","Aug 15, 2023"
VENTAS REALTY LP 144A,Reits,Fixed Income,"8,241,249.91",0.42,"8,241,249.91","7,850,000.00",United States,--,USD,1.14,3.57,1.00,"Jun 01, 2026",3.75,1.94,--,3.57,1.94,3.57,USD,"Jun 13, 2023","Jun 13, 2023"
LUMENTUM HOLDINGS INC,Technology,Fixed Income,"8,214,314.43",0.41,"8,214,314.43","9,246,000.00",United States,--,USD,2.07,5.26,1.00,"Dec 15, 2026",0.50,2.50,--,5.26,2.50,5.26,USD,"Dec 12, 2019","Dec 12, 2019"
EXPEDIA GROUP INC,Consumer Cyclical,Fixed Income,"8,116,461.60",0.41,"8,116,461.60","8,920,000.00",United States,--,USD,1.61,5.47,1.00,"Feb 15, 2026",0.00,1.66,--,5.47,1.66,5.47,USD,"Feb 19, 2021","Feb 19, 2021"
BLACKLINE INC,Technology,Fixed Income,"8,083,545.14",0.41,"8,083,545.14","8,940,000.00",United States,--,USD,1.61,5.57,1.00,"Mar 15, 2026",0.00,1.74,--,5.57,1.74,5.57,USD,"Mar 15, 2021","Mar 15, 2021"
CENTERPOINT ENERGY INC 144A,Electric,Fixed Income,"8,077,056.24",0.41,"8,077,056.24","8,000,000.00",United States,--,USD,1.78,4.93,1.00,"Aug 15, 2026",4.25,2.17,--,4.93,2.17,4.93,USD,"Aug 04, 2023","Aug 04, 2023"
PELOTON INTERACTIVE INC,Consumer Cyclical,Fixed Income,"7,999,245.59",0.40,"7,999,245.59","9,010,000.00",United States,--,USD,1.68,6.92,1.00,"Feb 15, 2026",0.00,1.63,--,6.92,1.63,6.92,USD,"Feb 11, 2021","Feb 11, 2021"
WAYFAIR INC,Consumer Cyclical,Fixed Income,"7,938,042.78",0.40,"7,938,042.78","8,390,000.00",United States,--,USD,1.49,3.63,1.00,"Aug 15, 2026",1.00,2.18,--,3.63,2.18,3.63,USD,"Aug 19, 2019","Aug 19, 2019"
PARSONS CORP 144A,Technology,Fixed Income,"7,884,937.48",0.40,"7,884,937.48","7,500,000.00",United States,--,USD,1.99,2.50,1.00,"Mar 01, 2029",2.63,4.48,--,2.50,4.48,2.50,USD,"Feb 26, 2024","Feb 26, 2024"
WOLFSPEED INC,Technology,Fixed Income,"7,842,311.83",0.40,"7,842,311.83","14,075,000.00",United States,--,USD,3.28,13.78,1.00,"Dec 01, 2029",1.88,4.77,--,13.78,4.77,13.78,USD,"Nov 21, 2022","Nov 21, 2022"
CONFLUENT INC,Technology,Fixed Income,"7,637,268.89",0.39,"7,637,268.89","8,875,000.00",United States,--,USD,2.19,5.71,1.00,"Jan 15, 2027",0.00,2.52,--,5.71,2.52,5.71,USD,"Dec 13, 2021","Dec 13, 2021"
TELADOC HEALTH INC,Consumer Non-Cyclical,Fixed Income,"7,586,538.54",0.38,"7,586,538.54","8,915,000.00",United States,--,USD,2.84,6.98,1.00,"Jun 01, 2027",1.25,2.87,--,6.98,2.87,6.98,USD,"May 19, 2020","May 19, 2020"
GUARDANT HEALTH INC,Consumer Non-Cyclical,Fixed Income,"7,557,497.33",0.38,"7,557,497.33","10,465,000.00",United States,--,USD,2.94,9.52,1.00,"Nov 15, 2027",0.00,3.19,--,9.52,3.19,9.52,USD,"Nov 19, 2020","Nov 19, 2020"
CYBER ARK SOFTWARE LTD,Technology,Fixed Income,"7,439,437.01",0.38,"7,439,437.01","4,775,000.00",Israel,--,USD,0.01,0.00,1.00,"Nov 15, 2024",0.00,2.12,--,0.00,2.12,0.00,USD,"Nov 18, 2019","Nov 18, 2019"
SOFI TECHNOLOGIES INC 144A,Finance Companies,Fixed Income,"7,297,170.78",0.37,"7,297,170.78","7,400,000.00",United States,--,USD,1.85,1.60,1.00,"Mar 15, 2029",1.25,4.66,--,1.60,4.66,1.60,USD,"Mar 08, 2024","Mar 08, 2024"
FRESHPET INC,Consumer Cyclical,Fixed Income,"7,293,050.75",0.37,"7,293,050.75","3,700,000.00",United States,--,USD,0.43,1.52,1.00,"Apr 01, 2028",3.00,4.04,--,1.52,4.04,1.52,USD,"Mar 20, 2023","Mar 20, 2023"
INSULET CORP,Consumer Non-Cyclical,Fixed Income,"7,286,554.87",0.37,"7,286,554.87","6,915,000.00",United States,--,USD,1.23,0.36,1.00,"Sep 01, 2026",0.38,2.31,--,0.36,2.31,0.36,USD,"Sep 06, 2019","Sep 06, 2019"
MP MATERIALS CORP 144A,Basic Industry,Fixed Income,"7,200,832.55",0.36,"7,200,832.55","6,616,000.00",United States,--,USD,1.84,2.76,1.00,"Mar 01, 2030",3.00,5.32,--,2.76,5.32,2.76,USD,"Mar 07, 2024","Mar 07, 2024"
SNAP INC,Technology,Fixed Income,"7,182,671.74",0.36,"7,182,671.74","8,750,000.00",United States,--,USD,2.70,6.78,1.00,"May 01, 2027",0.00,2.77,--,6.78,2.77,6.78,USD,"Apr 30, 2021","Apr 30, 2021"
HALOZYME THERAPEUTICS INC,Technology,Fixed Income,"7,162,555.55",0.36,"7,162,555.55","6,925,000.00",United States,--,USD,1.82,0.97,1.00,"Aug 15, 2028",1.00,4.16,--,0.97,4.16,0.97,USD,"Aug 18, 2022","Aug 18, 2022"
NATERA INC,Technology,Fixed Income,"7,127,497.18",0.36,"7,127,497.18","2,513,000.00",United States,--,USD,0.01,0.79,1.00,"May 01, 2027",2.25,3.45,--,0.79,3.45,0.79,USD,"Apr 16, 2020","Apr 16, 2020"
MERIT MEDICAL SYSTEMS INC 144A,Consumer Non-Cyclical,Fixed Income,"7,024,545.56",0.35,"7,024,545.56","6,000,000.00",United States,--,USD,1.51,2.56,1.00,"Feb 01, 2029",3.00,4.41,--,2.56,4.41,2.56,USD,"Dec 08, 2023","Dec 08, 2023"
CYTOKINETICS INCORPORATED 144A,Technology,Fixed Income,"6,931,009.04",0.35,"6,931,009.04","4,825,000.00",United States,--,USD,0.82,2.44,1.00,"Jul 01, 2027",3.50,3.12,--,2.44,3.12,2.44,USD,"Jul 06, 2022","Jul 06, 2022"
SHOPIFY INC,Technology,Fixed Income,"6,880,417.30",0.35,"6,880,417.30","7,412,000.00",Canada,--,USD,1.31,5.29,1.00,"Nov 01, 2025",0.13,1.42,--,5.29,1.42,5.29,USD,"Sep 18, 2020","Sep 18, 2020"
NUTANIX INC,Technology,Fixed Income,"6,860,672.75",0.35,"6,860,672.75","5,175,000.00",United States,--,USD,0.53,0.19,1.00,"Oct 01, 2027",0.25,3.51,--,0.19,3.51,0.19,USD,"Sep 22, 2021","Sep 22, 2021"
TETRA TECH INC 144A,Consumer Cyclical,Fixed Income,"6,791,184.47",0.34,"6,791,184.47","5,525,000.00",United States,--,USD,1.06,1.83,1.00,"Aug 15, 2028",2.25,4.13,--,1.83,4.13,1.83,USD,"Aug 22, 2023","Aug 22, 2023"
MIDDLEBY CORPORATION (THE),Industrial Other,Fixed Income,"6,754,076.59",0.34,"6,754,076.59","5,882,000.00",United States,--,USD,0.43,0.87,1.00,"Sep 01, 2025",1.00,1.35,--,0.87,1.35,0.87,USD,"Aug 21, 2020","Aug 21, 2020"
SHIFT4 PAYMENTS INC,Technology,Fixed Income,"6,746,523.86",0.34,"6,746,523.86","5,960,000.00",United States,--,USD,0.73,0.00,1.00,"Dec 15, 2025",0.00,1.71,--,0.00,1.71,0.00,USD,"Dec 07, 2020","Dec 07, 2020"
TRANSMEDICS GROUP INC,Consumer Non-Cyclical,Fixed Income,"6,700,662.20",0.34,"6,700,662.20","4,100,000.00",United States,--,USD,0.64,0.92,1.00,"Jun 01, 2028",1.50,4.17,--,0.92,4.17,0.92,USD,"May 11, 2023","May 11, 2023"
ETSY INC,Consumer Cyclical,Fixed Income,"6,568,727.21",0.33,"6,568,727.21","8,300,000.00",United States,--,USD,3.57,6.13,1.00,"Jun 15, 2028",0.25,3.94,--,6.13,3.94,6.13,USD,"Jun 11, 2021","Jun 11, 2021"
PEBBLEBROOK HOTEL TRUST,Reits,Fixed Income,"6,457,264.59",0.33,"6,457,264.59","7,185,000.00",United States,--,USD,1.82,6.37,1.00,"Dec 15, 2026",1.75,2.44,--,6.37,2.44,6.37,USD,"Dec 15, 2020","Dec 15, 2020"
CMS ENERGY CORPORATION 144A,Electric,Fixed Income,"6,449,931.12",0.33,"6,449,931.12","6,425,000.00",United States,--,USD,2.37,4.11,1.00,"May 01, 2028",3.38,3.67,--,4.11,3.67,4.11,USD,"May 05, 2023","May 05, 2023"
ETSY INC,Consumer Cyclical,Fixed Income,"6,399,735.17",0.32,"6,399,735.17","6,257,000.00",United States,--,USD,1.36,0.12,1.00,"Oct 01, 2026",0.13,2.38,--,0.12,2.38,0.12,USD,"Sep 23, 2019","Sep 23, 2019"
FIVE9 INC 144A,Technology,Fixed Income,"6,391,225.27",0.32,"6,391,225.27","6,647,000.00",United States,--,USD,2.49,1.88,1.00,"Mar 15, 2029",1.00,4.67,--,1.88,4.67,1.88,USD,"Mar 01, 2024","Mar 01, 2024"
INTERDIGITAL INC,Technology,Fixed Income,"6,373,402.66",0.32,"6,373,402.66","4,300,000.00",United States,--,USD,0.29,2.36,1.00,"Jun 01, 2027",3.50,3.05,--,2.36,3.05,2.36,USD,"May 27, 2022","May 27, 2022"
EXACT SCIENCES CORPORATION,Technology,Fixed Income,"6,347,209.49",0.32,"6,347,209.49","7,435,000.00",United States,--,USD,2.86,4.65,1.00,"Mar 01, 2028",0.38,3.68,--,4.65,3.68,4.65,USD,"Feb 27, 2020","Feb 25, 2020"
CONMED CORP,Consumer Non-Cyclical,Fixed Income,"6,317,548.62",0.32,"6,317,548.62","6,923,000.00",United States,--,USD,2.31,5.72,1.00,"Jun 15, 2027",2.25,2.88,--,5.72,2.88,5.72,USD,"Jun 06, 2022","Jun 06, 2022"
LANTHEUS HOLDINGS INC,Consumer Non-Cyclical,Fixed Income,"6,254,566.67",0.32,"6,254,566.67","4,975,000.00",United States,--,USD,1.25,2.09,1.00,"Dec 15, 2027",2.63,3.50,--,2.09,3.50,2.09,USD,"Dec 08, 2022","Dec 08, 2022"
TYLER TECHNOLOGIES INC,Technology,Fixed Income,"6,245,150.86",0.32,"6,245,150.86","5,765,000.00",United States,--,USD,0.65,0.23,1.00,"Mar 15, 2026",0.25,1.87,--,0.23,1.87,0.23,USD,"Mar 09, 2021","Mar 09, 2021"
JETBLUE AIRWAYS CO,Transportation,Fixed Income,"6,039,870.37",0.30,"6,039,870.37","6,825,000.00",United States,--,USD,1.60,7.19,1.00,"Apr 01, 2026",0.50,1.80,--,7.19,1.80,7.19,USD,"Mar 25, 2021","Mar 25, 2021"
HALOZYME THERAPEUTICS INC,Technology,Fixed Income,"6,023,012.81",0.30,"6,023,012.81","6,635,000.00",United States,--,USD,1.98,3.78,1.00,"Mar 01, 2027",0.25,2.73,--,3.78,2.73,3.78,USD,"Mar 01, 2021","Mar 01, 2021"
LIBERTY MEDIA CORP,Communications,Fixed Income,"6,008,816.86",0.30,"6,008,816.86","5,494,000.00",United States,--,USD,1.52,3.43,1.00,"Mar 15, 2028",3.75,3.57,--,3.43,3.57,3.43,USD,"Mar 10, 2023","Mar 10, 2023"
PINDUODUO INC,Consumer Cyclical,Fixed Income,"5,997,427.94",0.30,"5,997,427.94","5,900,000.00",China,--,USD,0.95,0.00,1.00,"Dec 01, 2025",0.00,1.56,--,0.00,1.56,0.00,USD,"Nov 20, 2020","Nov 20, 2020"
INTEGER HOLDINGS CORP,Consumer Non-Cyclical,Fixed Income,"5,988,893.45",0.30,"5,988,893.45","4,100,000.00",United States,--,USD,0.66,1.45,1.00,"Feb 15, 2028",2.13,3.79,--,1.45,3.79,1.45,USD,"Feb 03, 2023","Feb 03, 2023"
REPLIGEN CORPORATION 144A,Consumer Non-Cyclical,Fixed Income,"5,988,353.27",0.30,"5,988,353.27","5,475,000.00",United States,--,USD,1.82,0.91,1.00,"Dec 15, 2028",1.00,4.50,--,0.91,4.50,0.91,USD,"Dec 14, 2023","Dec 14, 2023"
FLUOR CORPORATION 144A,Industrial Other,Fixed Income,"5,970,183.69",0.30,"5,970,183.69","5,595,000.00",United States,--,USD,2.08,1.05,1.00,"Aug 15, 2029",1.13,5.11,--,1.05,5.11,1.05,USD,"Aug 10, 2023","Aug 10, 2023"
IRHYTHM TECHNOLOGIES INC 144A,Consumer Non-Cyclical,Fixed Income,"5,955,308.87",0.30,"5,955,308.87","6,100,000.00",United States,--,USD,2.44,2.03,1.00,"Sep 01, 2029",1.50,5.04,--,2.03,5.04,2.03,USD,"Mar 07, 2024","Mar 07, 2024"
LUMENTUM HOLDINGS INC 144A,Technology,Fixed Income,"5,880,741.63",0.30,"5,880,741.63","7,600,000.00",United States,--,USD,3.51,7.03,1.00,"Jun 15, 2028",0.50,3.89,--,7.03,3.89,7.03,USD,"Mar 08, 2022","Mar 08, 2022"
NEXTERA ENERGY PARTNERS LP 144A,Electric,Fixed Income,"5,877,398.58",0.30,"5,877,398.58","6,520,000.00",United States,--,USD,1.43,7.04,1.00,"Nov 15, 2025",0.00,1.40,--,7.04,1.40,7.04,USD,"Dec 03, 2020","Dec 03, 2020"
INSMED INC,Technology,Fixed Income,"5,857,138.24",0.30,"5,857,138.24","5,599,000.00",United States,--,USD,1.68,0.72,1.00,"Jun 01, 2028",0.75,3.99,--,0.72,3.99,0.72,USD,"May 13, 2021","May 13, 2021"
DROPBOX INC,Technology,Fixed Income,"5,848,170.99",0.30,"5,848,170.99","6,190,000.00",United States,--,USD,1.39,3.19,1.00,"Mar 01, 2026",0.00,1.74,--,3.19,1.74,3.19,USD,"Feb 26, 2021","Feb 26, 2021"
ZILLOW GROUP INC,Consumer Cyclical,Fixed Income,"5,844,329.66",0.30,"5,844,329.66","4,900,000.00",United States,--,USD,0.56,1.15,1.00,"Sep 01, 2026",1.38,2.34,--,1.15,2.34,1.15,USD,"Sep 09, 2019","Sep 09, 2019"
CHART INDUSTRIES INC,Capital Goods,Fixed Income,"5,840,862.81",0.29,"5,840,862.81","2,170,000.00",United States,--,USD,0.02,0.37,1.00,"Nov 15, 2024",1.00,0.00,--,0.37,0.00,0.37,USD,"Nov 06, 2017","Nov 06, 2017"
VISHAY INTERTECHNOLOGY INC. 144A,Technology,Fixed Income,"5,762,131.09",0.29,"5,762,131.09","5,875,000.00",United States,--,USD,2.68,2.65,1.00,"Sep 15, 2030",2.25,5.83,--,2.65,5.83,2.65,USD,"Sep 12, 2023","Sep 12, 2023"
BENTLEY SYSTEMS INCORPORATED,Technology,Fixed Income,"5,716,626.15",0.29,"5,716,626.15","5,531,000.00",United States,--,USD,0.88,0.12,1.00,"Jan 15, 2026",0.13,1.68,--,0.12,1.68,0.12,USD,"Jan 26, 2021","Jan 26, 2021"
MICROCHIP TECHNOLOGY INCORPORATED,Technology,Fixed Income,"5,709,534.31",0.29,"5,709,534.31","5,225,000.00",United States,--,USD,0.19,0.11,1.00,"Nov 15, 2024",0.13,0.55,--,0.11,0.55,0.11,USD,"Dec 01, 2020","Dec 01, 2020"
HUAZHU GROUP LTD,Consumer Cyclical,Fixed Income,"5,655,475.43",0.29,"5,655,475.43","4,754,000.00",Cayman Islands,--,USD,0.73,2.52,1.00,"May 01, 2026",3.00,1.98,--,2.52,1.98,2.52,USD,"May 12, 2020","May 12, 2020"
ZILLOW GROUP INC,Consumer Cyclical,Fixed Income,"5,592,732.05",0.28,"5,592,732.05","5,131,000.00",United States,--,USD,0.11,0.69,1.00,"Sep 01, 2024",0.75,0.35,--,0.69,0.35,0.69,USD,"Sep 09, 2019","Sep 09, 2019"
MACOM TECHNOLOGY SOLUTIONS HOLDING,Technology,Fixed Income,"5,512,746.06",0.28,"5,512,746.06","4,125,000.00",United States,--,USD,0.24,0.19,1.00,"Mar 15, 2026",0.25,1.98,--,0.19,1.98,0.19,USD,"Mar 25, 2021","Mar 25, 2021"
WAYFAIR INC,Consumer Cyclical,Fixed Income,"5,500,818.15",0.28,"5,500,818.15","5,860,000.00",United States,--,USD,1.24,5.36,1.00,"Oct 01, 2025",0.63,1.34,--,5.36,1.34,5.36,USD,"Aug 14, 2020","Aug 14, 2020"
BRIDGEBIO PHARMA INC,Consumer Non-Cyclical,Fixed Income,"5,496,945.31",0.28,"5,496,945.31","6,800,000.00",United States,--,USD,3.51,7.29,1.00,"Feb 01, 2029",2.25,4.27,--,7.29,4.27,7.29,USD,"Jan 28, 2021","Jan 28, 2021"
POST HOLDINGS INC,Consumer Non-Cyclical,Fixed Income,"5,423,495.90",0.27,"5,423,495.90","4,825,000.00",United States,--,USD,1.07,2.20,1.00,"Aug 15, 2027",2.50,3.17,--,2.20,3.17,2.20,USD,"Aug 12, 2022","Aug 12, 2022"
IONIS PHARMACEUTICALS INC,Consumer Non-Cyclical,Fixed Income,"5,394,989.44",0.27,"5,394,989.44","5,667,000.00",United States,--,USD,1.12,2.64,1.00,"Apr 01, 2026",0.00,1.83,--,3.04,1.58,3.04,USD,"Apr 12, 2021","Apr 12, 2021"
CARNIVAL CORP 144A,Consumer Cyclical,Fixed Income,"5,385,361.71",0.27,"5,385,361.71","3,525,000.00",United States,--,USD,0.07,3.83,1.00,"Oct 01, 2024",5.75,1.14,--,3.83,1.14,3.83,USD,"Apr 01, 2022","Aug 22, 2022"
CINEMARK HOLDINGS INC,Consumer Cyclical,Fixed Income,"5,353,439.38",0.27,"5,353,439.38","3,715,000.00",United States,--,USD,0.31,3.12,1.00,"Aug 15, 2025",4.50,1.38,--,3.12,1.38,3.12,USD,"Aug 21, 2020","Aug 21, 2020"
BLOOM ENERGY CORPORATION 144A,Capital Goods,Fixed Income,"5,311,315.85",0.27,"5,311,315.85","5,300,000.00",United States,--,USD,1.81,3.31,1.00,"Jun 01, 2028",3.00,3.72,--,3.31,3.72,3.31,USD,"May 16, 2023","May 16, 2023"
REXFORD INDUSTRIAL REALTY LP 144A,Reits,Fixed Income,"5,284,752.78",0.27,"5,284,752.78","5,300,000.00",United States,--,USD,2.16,4.70,1.00,"Mar 15, 2027",4.38,2.62,--,4.70,2.62,4.70,USD,"Mar 28, 2024","Mar 28, 2024"
REXFORD INDUSTRIAL REALTY LP 144A,Reits,Fixed Income,"5,258,305.36",0.27,"5,258,305.36","5,300,000.00",United States,--,USD,3.32,4.43,1.00,"Mar 15, 2029",4.13,4.31,--,4.43,4.31,4.43,USD,"Mar 28, 2024","Mar 28, 2024"
CREE INC,Technology,Fixed Income,"5,257,835.53",0.27,"5,257,835.53","5,776,000.00",United States,--,USD,1.40,6.75,1.00,"May 01, 2026",1.75,1.87,--,6.75,1.87,6.75,USD,"Apr 21, 2020","Apr 21, 2020"
SEMTECH CORPORATION 144A,Technology,Fixed Income,"5,243,731.11",0.26,"5,243,731.11","2,500,000.00",United States,--,USD,0.39,1.91,1.00,"Nov 01, 2028",4.00,4.55,--,1.91,4.55,1.91,USD,"Oct 26, 2023","Oct 26, 2023"
WIX.COM LTD,Technology,Fixed Income,"5,219,392.56",0.26,"5,219,392.56","5,622,000.00",Israel,--,USD,1.10,6.03,1.00,"Aug 15, 2025",0.00,1.18,--,6.03,1.18,6.03,USD,"Aug 13, 2020","Aug 13, 2020"
ASCENDIS PHARMA A 144A,Technology,Fixed Income,"5,214,685.59",0.26,"5,214,685.59","4,925,000.00",Denmark,--,USD,1.90,2.13,1.00,"Apr 01, 2028",2.25,3.72,--,2.13,3.72,2.13,USD,"Mar 29, 2022","Mar 29, 2022"
IONIS PHARMACEUTICALS INC 144A,Consumer Non-Cyclical,Fixed Income,"5,214,363.71",0.26,"5,214,363.71","5,225,000.00",United States,--,USD,2.07,1.99,1.00,"Jun 15, 2028",1.75,3.89,--,1.99,3.89,1.99,USD,"Jun 12, 2023","Jun 12, 2023"
CNX RESOURCES CORP,Energy,Fixed Income,"5,214,101.27",0.26,"5,214,101.27","2,685,000.00",United States,--,USD,0.01,1.16,1.00,"May 01, 2026",2.25,2.28,--,1.16,2.28,1.16,USD,"May 01, 2020","May 01, 2020"
GLAUKOS CORP,Consumer Non-Cyclical,Fixed Income,"5,205,977.19",0.26,"5,205,977.19","2,498,000.00",United States,--,USD,0.02,1.32,1.00,"Jun 15, 2027",2.75,3.34,--,1.32,3.34,1.32,USD,"Jun 11, 2020","Jun 11, 2020"
ADVANCED ENERGY INDUSTRIES INC 144A,Technology,Fixed Income,"5,200,082.91",0.26,"5,200,082.91","4,975,000.00",United States,--,USD,2.14,2.39,1.00,"Sep 15, 2028",2.50,4.09,--,2.39,4.09,2.39,USD,"Sep 12, 2023","Sep 12, 2023"
SHIFT4 PAYMENTS INC,Technology,Fixed Income,"5,198,650.44",0.26,"5,198,650.44","5,475,000.00",United States,--,USD,2.13,2.18,1.00,"Aug 01, 2027",0.50,3.15,--,2.18,3.15,2.18,USD,"Jul 26, 2021","Jul 26, 2021"
MARRIOTT VACATIONS WORLDWIDE CORP,Consumer Cyclical,Fixed Income,"5,185,260.60",0.26,"5,185,260.60","5,525,000.00",United States,--,USD,2.58,5.59,1.00,"Dec 15, 2027",3.25,3.26,--,5.59,3.26,5.59,USD,"Dec 08, 2022","Dec 08, 2022"
NORTHERN OIL AND GAS INC 144A,Energy,Fixed Income,"5,153,075.82",0.26,"5,153,075.82","4,200,000.00",United States,--,USD,1.51,2.95,1.00,"Apr 15, 2029",3.63,4.60,--,2.95,4.60,2.95,USD,"Oct 14, 2022","Oct 14, 2022"
SNAP INC,Technology,Fixed Income,"5,133,231.09",0.26,"5,133,231.09","4,815,000.00",United States,--,USD,1.26,0.70,1.00,"Aug 01, 2026",0.75,2.22,--,0.70,2.22,0.70,USD,"Aug 09, 2019","Aug 09, 2019"
LUMENTUM HOLDINGS INC 144A,Technology,Fixed Income,"5,095,313.57",0.26,"5,095,313.57","5,525,000.00",United States,--,USD,2.61,3.15,1.00,"Dec 15, 2029",1.50,5.25,--,3.15,5.25,3.15,USD,"Jun 16, 2023","Jun 16, 2023"
WORKIVA INC 144A,Technology,Fixed Income,"5,011,926.08",0.25,"5,011,926.08","5,400,000.00",United States,--,USD,2.44,3.15,1.00,"Aug 15, 2028",1.25,4.07,--,3.15,4.07,3.15,USD,"Aug 17, 2023","Aug 17, 2023"
BIOMARIN PHARMACEUTICAL INC.,Consumer Non-Cyclical,Fixed Income,"4,991,326.99",0.25,"4,991,326.99","5,178,000.00",United States,--,USD,2.07,2.50,1.00,"May 15, 2027",1.25,2.92,--,2.50,2.92,2.50,USD,"May 14, 2020","May 14, 2020"
ALLIANT ENERGY CORP,Electric,Fixed Income,"4,968,327.15",0.25,"4,968,327.15","4,975,000.00",United States,--,USD,1.31,4.32,1.00,"Mar 15, 2026",3.88,1.74,--,4.32,1.74,4.32,USD,"Mar 02, 2023","Mar 02, 2023"
SOLAREDGE TECHNOLOGIES INC,Technology,Fixed Income,"4,968,221.79",0.25,"4,968,221.79","5,460,000.00",United States,--,USD,1.22,7.21,1.00,"Sep 15, 2025",0.00,1.24,--,7.21,1.24,7.21,USD,"Sep 25, 2020","Sep 25, 2020"
HAT HOLDINGS I LLC 144A,Brokerage/Asset Managers/Exchanges,Fixed Income,"4,944,063.97",0.25,"4,944,063.97","3,775,000.00",United States,--,USD,0.95,2.86,1.00,"Aug 15, 2028",3.75,4.04,--,2.86,4.04,2.86,USD,"Aug 11, 2023","Aug 11, 2023"
EXACT SCIENCES CORP 144A,Technology,Fixed Income,"4,933,704.07",0.25,"4,933,704.07","4,975,000.00",United States,--,USD,2.82,2.23,1.00,"Mar 01, 2030",2.00,5.42,--,2.23,5.42,2.23,USD,"Mar 01, 2023","Mar 01, 2023"
LYFT INC 144A,Consumer Cyclical,Fixed Income,"4,931,611.78",0.25,"4,931,611.78","4,525,000.00",United States,--,USD,1.94,0.57,1.00,"Mar 01, 2029",0.63,4.76,--,0.57,4.76,0.57,USD,"Feb 27, 2024","Feb 27, 2024"
ENOVIS CORP 144A,Capital Goods,Fixed Income,"4,911,140.15",0.25,"4,911,140.15","4,269,000.00",United States,--,USD,1.54,3.37,1.00,"Oct 15, 2028",3.88,4.11,--,3.37,4.11,3.37,USD,"Oct 24, 2023","Oct 24, 2023"
DROPBOX INC,Technology,Fixed Income,"4,909,356.88",0.25,"4,909,356.88","5,270,000.00",United States,--,USD,2.29,1.88,1.00,"Mar 01, 2028",0.00,3.72,--,1.88,3.72,1.88,USD,"Feb 26, 2021","Feb 26, 2021"
ENPHASE ENERGY INC,Technology,Fixed Income,"4,886,568.16",0.25,"4,886,568.16","5,769,000.00",United States,--,USD,2.94,4.42,1.00,"Mar 01, 2028",0.00,3.63,--,4.42,3.63,4.42,USD,"Mar 01, 2021","Mar 01, 2021"
LIBERTY MEDIA CORP,Communications,Fixed Income,"4,885,623.03",0.25,"4,885,623.03","4,650,000.00",United States,--,USD,1.44,2.14,1.00,"Aug 15, 2027",2.25,3.13,--,2.14,3.13,2.14,USD,"Aug 12, 2022","Aug 12, 2022"
BEAUTY HEALTH CO 144A,Consumer Non-Cyclical,Fixed Income,"4,866,747.69",0.25,"4,866,747.69","5,846,000.00",United States,--,USD,2.13,9.34,1.00,"Oct 01, 2026",1.25,2.24,--,9.34,2.24,9.34,USD,"Sep 14, 2021","Sep 14, 2021"
TANDEM DIABETES CARE INC 144A,Consumer Non-Cyclical,Fixed Income,"4,821,528.10",0.24,"4,821,528.10","3,100,000.00",United States,--,USD,0.91,0.96,1.00,"Mar 15, 2029",1.50,4.90,--,0.96,4.90,0.96,USD,"Mar 08, 2024","Mar 08, 2024"
BRIDGEBIO PHARMA INC,Consumer Non-Cyclical,Fixed Income,"4,783,657.56",0.24,"4,783,657.56","4,495,000.00",United States,--,USD,1.47,2.35,1.00,"Mar 15, 2027",2.50,2.74,--,2.35,2.74,2.35,USD,"Mar 09, 2020","Mar 09, 2020"
FEDERAL REALTY OP LP 144A,Reits,Fixed Income,"4,717,233.72",0.24,"4,717,233.72","4,800,000.00",United States,--,USD,2.72,3.92,1.00,"Jan 15, 2029",3.25,4.23,--,3.92,4.23,3.92,USD,"Jan 11, 2024","Jan 11, 2024"
BENTLEY SYSTEMS INCORPORATED,Technology,Fixed Income,"4,692,742.59",0.24,"4,692,742.59","5,025,000.00",United States,--,USD,2.01,2.64,1.00,"Jul 01, 2027",0.38,3.07,--,2.64,3.07,2.64,USD,"Jun 28, 2021","Jun 28, 2021"
NCL CORPORATION LTD,Consumer Cyclical,Fixed Income,"4,690,280.59",0.24,"4,690,280.59","4,105,000.00",Bermuda,--,USD,0.69,4.70,1.00,"Aug 01, 2025",5.38,1.20,--,4.70,1.20,4.70,USD,"Jul 21, 2020","Jul 21, 2020"
MATCH GROUP FINANCECO 3 INC 144A,Consumer Cyclical,Fixed Income,"4,666,690.10",0.24,"4,666,690.10","5,585,000.00",United States,--,USD,4.09,5.56,1.00,"Jan 15, 2030",2.00,5.16,--,5.56,5.16,5.56,USD,"May 28, 2019","May 28, 2019"
UPSTART HOLDINGS INC,Finance Companies,Fixed Income,"4,623,722.01",0.23,"4,623,722.01","5,800,000.00",United States,--,USD,1.80,10.66,1.00,"Aug 15, 2026",0.25,2.13,--,10.66,2.13,10.66,USD,"Aug 20, 2021","Aug 20, 2021"
OMNICELL INC,Consumer Non-Cyclical,Fixed Income,"4,604,027.75",0.23,"4,604,027.75","4,883,000.00",United States,--,USD,1.14,4.76,1.00,"Sep 15, 2025",0.25,1.30,--,4.76,1.30,4.76,USD,"Sep 25, 2020","Sep 25, 2020"
ENVESTNET INC,Technology,Fixed Income,"4,594,874.15",0.23,"4,594,874.15","4,100,000.00",United States,--,USD,1.37,2.34,1.00,"Dec 01, 2027",2.63,3.39,--,2.34,3.39,2.34,USD,"Nov 17, 2022","Nov 17, 2022"
NICE LTD,Technology,Fixed Income,"4,574,873.39",0.23,"4,574,873.39","4,604,000.00",Israel,--,USD,0.88,0.48,1.00,"Sep 15, 2025",0.00,1.33,--,0.48,1.33,0.48,USD,"Aug 27, 2020","Aug 27, 2020"
MICROSTRATEGY INCORPORATED 144A,Technology,Fixed Income,"4,549,858.53",0.23,"4,549,858.53","4,900,000.00",United States,--,USD,2.28,2.02,1.00,"Mar 15, 2031",0.88,6.56,--,2.67,4.20,2.67,USD,"Mar 18, 2024","Mar 18, 2024"
SUNRUN INC 144A,Technology,Fixed Income,"4,549,511.00",0.23,"4,549,511.00","4,767,000.00",United States,--,USD,1.49,5.09,1.00,"Mar 01, 2030",4.00,5.04,--,5.09,5.04,5.09,USD,"Feb 27, 2024","Feb 27, 2024"
BILL.COM HOLDINGS INC,Technology,Fixed Income,"4,547,936.63",0.23,"4,547,936.63","5,371,000.00",United States,--,USD,2.57,5.86,1.00,"Apr 01, 2027",0.00,2.72,--,5.86,2.72,5.86,USD,"Sep 24, 2021","Sep 24, 2021"
RAPID7 INC,Technology,Fixed Income,"4,527,252.49",0.23,"4,527,252.49","5,155,000.00",United States,--,USD,2.30,4.92,1.00,"Mar 15, 2027",0.25,2.76,--,4.92,2.76,4.92,USD,"Mar 19, 2021","Mar 19, 2021"
LCI INDUSTRIES,Consumer Cyclical,Fixed Income,"4,522,873.64",0.23,"4,522,873.64","4,700,000.00",United States,--,USD,1.29,3.08,1.00,"May 15, 2026",1.13,1.95,--,3.08,1.95,3.08,USD,"May 13, 2021","May 13, 2021"
ZILLOW GROUP INC,Consumer Cyclical,Fixed Income,"4,490,873.20",0.23,"4,490,873.20","4,400,000.00",United States,--,USD,0.75,2.69,1.00,"May 15, 2025",2.75,0.99,--,2.69,0.99,2.69,USD,"May 15, 2020","May 15, 2020"
NIO INC,Consumer Cyclical,Fixed Income,"4,454,366.08",0.22,"4,454,366.08","4,775,000.00",Cayman Islands,--,USD,0.67,3.16,1.00,"Feb 01, 2027",0.50,2.65,--,10.78,0.67,10.78,USD,"Jan 15, 2021","Jan 15, 2021"
OKTA INC,Technology,Fixed Income,"4,443,688.51",0.22,"4,443,688.51","4,670,000.00",United States,--,USD,1.10,4.03,1.00,"Sep 01, 2025",0.13,1.27,--,4.03,1.27,4.03,USD,"Sep 09, 2019","Sep 09, 2019"
EXACT SCIENCES CORP 144A,Technology,Fixed Income,"4,420,217.26",0.22,"4,420,217.26","5,000,000.00",United States,--,USD,3.37,3.69,1.00,"Apr 15, 2031",1.75,6.39,--,3.69,6.39,3.69,USD,"Apr 17, 2024","Apr 17, 2024"
ENPHASE ENERGY INC,Technology,Fixed Income,"4,407,720.13",0.22,"4,407,720.13","4,818,000.00",United States,--,USD,1.57,5.02,1.00,"Mar 01, 2026",0.00,1.71,--,5.02,1.71,5.02,USD,"Mar 01, 2021","Mar 01, 2021"
KOSMOS ENERGY LTD 144A,Energy,Fixed Income,"4,405,533.52",0.22,"4,405,533.52","3,950,000.00",United States,--,USD,1.86,2.80,1.00,"Mar 15, 2030",3.13,5.35,--,2.80,5.35,2.80,USD,"Mar 08, 2024","Mar 08, 2024"
OKTA INC,Technology,Fixed Income,"4,400,448.77",0.22,"4,400,448.77","4,827,000.00",United States,--,USD,1.77,4.97,1.00,"Jun 15, 2026",0.38,2.02,--,4.97,2.02,4.97,USD,"Jun 12, 2020","Jun 12, 2020"
GRANITE CONSTRUCTION INCORPORATED,Capital Goods,Fixed Income,"4,380,240.90",0.22,"4,380,240.90","2,991,000.00",United States,--,USD,0.55,2.56,1.00,"May 15, 2028",3.75,3.93,--,2.56,3.93,2.56,USD,"May 11, 2023","May 11, 2023"
STRIDE INC,Industrial Other,Fixed Income,"4,362,339.38",0.22,"4,362,339.38","2,992,000.00",United States,--,USD,0.33,0.77,1.00,"Sep 01, 2027",1.13,3.42,--,0.77,3.42,0.77,USD,"Aug 31, 2020","Aug 31, 2020"
LIBERTY MEDIA CORP 144A,Communications,Fixed Income,"4,360,098.71",0.22,"4,360,098.71","4,578,306.00",United States,--,USD,0.49,3.06,1.00,"Dec 01, 2024",2.75,17.96,--,13.26,0.52,13.26,USD,"Nov 26, 2019","Nov 26, 2019"
GREENBRIER CO INC,Transportation,Fixed Income,"4,338,670.16",0.22,"4,338,670.16","3,850,000.00",United States,--,USD,1.22,2.55,1.00,"Apr 15, 2028",2.88,3.74,--,2.55,3.74,2.55,USD,"Apr 20, 2021","Apr 20, 2021"
GUIDEWIRE SOFTWARE INC,Technology,Fixed Income,"4,325,117.24",0.22,"4,325,117.24","3,649,000.00",United States,--,USD,0.22,1.05,1.00,"Mar 15, 2025",1.25,0.91,--,1.05,0.91,1.05,USD,"Mar 13, 2018","Mar 13, 2018"
VAIL RESORTS INC,Consumer Cyclical,Fixed Income,"4,298,763.19",0.22,"4,298,763.19","4,717,000.00",United States,--,USD,1.39,5.79,1.00,"Jan 01, 2026",0.00,1.54,--,5.79,1.54,5.79,USD,"Dec 18, 2020","Dec 18, 2020"
MATCH GROUP FINANCECO 2 INC 144A,Finance Companies,Fixed Income,"4,295,730.08",0.22,"4,295,730.08","4,725,000.00",United States,--,USD,1.85,5.75,1.00,"Jun 15, 2026",0.88,2.00,--,5.75,2.00,5.75,USD,"May 28, 2019","May 28, 2019"
LIVE NATION ENTERTAINMENT INC,Consumer Cyclical,Fixed Income,"4,286,798.26",0.22,"4,286,798.26","4,038,000.00",United States,--,USD,0.43,1.88,1.00,"Feb 15, 2025",2.00,0.77,--,1.88,0.77,1.88,USD,"Feb 03, 2020","Feb 03, 2020"
NEXTERA ENERGY PARTNERS LP 144A,Electric,Fixed Income,"4,284,842.51",0.22,"4,284,842.51","4,650,000.00",United States,--,USD,1.91,7.17,1.00,"Jun 15, 2026",2.50,1.95,--,7.17,1.95,7.17,USD,"Dec 12, 2022","Dec 12, 2022"
ENVISTA HOLDINGS CORP 144A,Consumer Non-Cyclical,Fixed Income,"4,257,588.41",0.21,"4,257,588.41","4,950,000.00",United States,--,USD,3.52,5.61,1.00,"Aug 15, 2028",1.75,3.97,--,5.61,3.97,5.61,USD,"Aug 10, 2023","Aug 10, 2023"
PEABODY ENERGY CORPORATION 144A,Basic Industry,Fixed Income,"4,221,841.17",0.21,"4,221,841.17","3,125,000.00",United States,--,USD,0.52,2.41,1.00,"Mar 01, 2028",3.25,3.71,--,2.41,0.93,2.41,USD,"Mar 01, 2022","Mar 01, 2022"
CERIDIAN HCM HOLDING INC,Technology,Fixed Income,"4,202,981.57",0.21,"4,202,981.57","4,598,000.00",United States,--,USD,1.54,5.25,1.00,"Mar 15, 2026",0.25,1.78,--,5.25,1.78,5.25,USD,"Mar 05, 2021","Mar 05, 2021"
ORMAT TECHNOLOGIES INC,Electric,Fixed Income,"4,168,453.57",0.21,"4,168,453.57","4,100,000.00",United States,--,USD,1.58,2.46,1.00,"Jul 15, 2027",2.50,3.01,--,2.46,3.01,2.46,USD,"Jun 27, 2022","Jun 27, 2022"
SQUARE INC SNR CONVR NTS,Technology,Fixed Income,"4,162,596.16",0.21,"4,162,596.16","4,675,000.00",United States,--,USD,1.85,6.01,1.00,"May 01, 2026",0.00,1.85,--,6.01,1.85,6.01,USD,"Nov 13, 2020","Nov 13, 2020"
ZIFF DAVIS INC,Technology,Fixed Income,"4,157,364.69",0.21,"4,157,364.69","4,461,000.00",United States,--,USD,1.91,4.74,1.00,"Nov 01, 2026",1.75,2.36,--,4.74,2.36,4.74,USD,"Nov 15, 2019","Nov 15, 2019"
RINGCENTRAL INC,Technology,Fixed Income,"4,130,000.62",0.21,"4,130,000.62","4,571,000.00",United States,--,USD,1.70,5.61,1.00,"Mar 15, 2026",0.00,1.73,--,5.61,1.73,5.61,USD,"Sep 15, 2020","Sep 15, 2020"
EXACT SCIENCES CORPORATION,Technology,Fixed Income,"4,113,994.04",0.21,"4,113,994.04","4,605,000.00",United States,--,USD,2.20,4.45,1.00,"Mar 15, 2027",0.38,2.76,--,4.45,2.76,4.45,USD,"Mar 08, 2019","Mar 08, 2019"
ETSY INC,Consumer Cyclical,Fixed Income,"4,108,419.03",0.21,"4,108,419.03","4,948,000.00",United States,--,USD,2.87,5.87,1.00,"Sep 01, 2027",0.13,3.19,--,5.87,3.19,5.87,USD,"Aug 24, 2020","Aug 24, 2020"
INTEGRA LIFESCIENCES HOLDINGS CORP,Consumer Non-Cyclical,Fixed Income,"4,098,787.06",0.21,"4,098,787.06","4,368,000.00",United States,--,USD,1.12,5.79,1.00,"Aug 15, 2025",0.50,1.21,--,5.79,1.21,5.79,USD,"Feb 07, 2020","Feb 07, 2020"
MARRIOTT VACATIONS WORLDWIDE CORP,Consumer Cyclical,Fixed Income,"4,085,409.00",0.21,"4,085,409.00","4,380,000.00",United States,--,USD,1.25,4.22,1.00,"Jan 15, 2026",0.00,1.60,--,4.22,1.60,4.22,USD,"Feb 02, 2021","Feb 02, 2021"
ROCKET LAB USA INC 144A,Capital Goods,Fixed Income,"4,083,630.95",0.21,"4,083,630.95","3,700,000.00",United States,--,USD,1.36,3.85,1.00,"Feb 01, 2029",4.25,4.25,--,3.85,4.25,3.85,USD,"Feb 06, 2024","Feb 06, 2024"
SOFI TECHNOLOGIES INC 144A,Finance Companies,Fixed Income,"4,080,164.00",0.21,"4,080,164.00","4,743,000.00",United States,--,USD,1.99,6.33,1.00,"Oct 15, 2026",0.00,2.27,--,6.33,2.27,6.33,USD,"Oct 04, 2021","Oct 04, 2021"
CABLE ONE INC,Communications,Fixed Income,"4,077,506.53",0.21,"4,077,506.53","4,675,000.00",United States,--,USD,1.65,7.60,1.00,"Mar 15, 2026",0.00,1.70,--,7.60,1.70,7.60,USD,"Mar 05, 2021","Mar 05, 2021"
INFINERA CORP,Communications,Fixed Income,"4,067,096.12",0.21,"4,067,096.12","3,850,000.00",United States,--,USD,1.61,3.55,1.00,"Aug 01, 2028",3.75,3.85,--,3.55,3.85,3.55,USD,"Aug 08, 2022","Aug 08, 2022"
HAEMONETICS CORPORATION,Consumer Non-Cyclical,Fixed Income,"4,050,155.51",0.20,"4,050,155.51","4,395,000.00",United States,--,USD,1.42,4.61,1.00,"Mar 01, 2026",0.00,1.71,--,4.61,1.71,4.61,USD,"Mar 05, 2021","Mar 05, 2021"
PROGRESS SOFTWARE CORP 144A,Technology,Fixed Income,"4,027,408.89",0.20,"4,027,408.89","4,021,000.00",United States,--,USD,2.58,3.61,1.00,"Mar 01, 2030",3.50,5.16,--,3.61,5.16,3.61,USD,"Mar 01, 2024","Mar 01, 2024"
EURONET WORLDWIDE INC.,Technology,Fixed Income,"4,008,620.80",0.20,"4,008,620.80","4,127,000.00",United States,--,USD,0.77,0.88,1.00,"Mar 20, 2025",0.75,22.53,--,4.45,0.81,4.45,USD,"Mar 18, 2019","Mar 18, 2019"
NOVOCURE LTD,Consumer Non-Cyclical,Fixed Income,"4,006,168.80",0.20,"4,006,168.80","4,385,000.00",Jersey,--,USD,1.37,6.28,1.00,"Nov 01, 2025",0.00,1.37,--,6.28,1.37,6.28,USD,"Nov 05, 2020","Nov 05, 2020"
ITRON INC,Capital Goods,Fixed Income,"3,988,656.87",0.20,"3,988,656.87","3,700,000.00",United States,--,USD,0.90,0.00,1.00,"Mar 15, 2026",0.00,1.91,--,0.00,1.91,0.00,USD,"Mar 12, 2021","Mar 12, 2021"
FIVE9 INC,Technology,Fixed Income,"3,964,063.54",0.20,"3,964,063.54","4,190,000.00",United States,--,USD,1.01,6.14,1.00,"Jun 01, 2025",0.50,1.01,--,6.14,1.01,6.14,USD,"May 27, 2020","May 27, 2020"
PAGERDUTY INC 144A,Communications,Fixed Income,"3,947,425.86",0.20,"3,947,425.86","3,825,000.00",United States,--,USD,1.99,1.45,1.00,"Oct 15, 2028",1.50,4.27,--,1.45,4.27,1.45,USD,"Oct 13, 2023","Oct 13, 2023"
IMPINJ INC,Technology,Fixed Income,"3,930,947.20",0.20,"3,930,947.20","2,325,000.00",United States,--,USD,0.31,0.67,1.00,"May 15, 2027",1.13,3.23,--,0.67,3.23,0.67,USD,"Nov 05, 2021","Nov 05, 2021"
GUESS INC,Consumer Cyclical,Fixed Income,"3,889,687.68",0.20,"3,889,687.68","2,957,000.00",United States,--,USD,0.79,2.85,1.00,"Apr 15, 2028",3.75,3.77,--,2.85,3.77,2.85,USD,"Apr 17, 2023","Apr 17, 2023"
BOX INC,Technology,Fixed Income,"3,887,978.06",0.20,"3,887,978.06","3,325,000.00",United States,--,USD,0.44,0.00,1.00,"Jan 15, 2026",0.00,1.83,--,0.00,1.83,0.00,USD,"Jan 14, 2021","Jan 14, 2021"
NIO INC 144A,Consumer Cyclical,Fixed Income,"3,854,437.58",0.19,"3,854,437.58","5,375,000.00",China,--,USD,1.85,10.96,1.00,"Oct 15, 2030",4.63,5.13,--,13.44,3.69,13.44,USD,"Sep 22, 2023","Sep 22, 2023"
BILL.COM HOLDINGS INC,Technology,Fixed Income,"3,745,425.20",0.19,"3,745,425.20","4,045,000.00",United States,--,USD,1.37,5.04,1.00,"Dec 01, 2025",0.00,1.47,--,5.04,1.47,5.04,USD,"Nov 30, 2020","Nov 30, 2020"
LIVONGO HEALTH INC,Consumer Non-Cyclical,Fixed Income,"3,721,976.74",0.19,"3,721,976.74","3,900,000.00",United States,--,USD,0.97,5.84,1.00,"Jun 01, 2025",0.88,1.01,--,5.84,1.01,5.84,USD,"Jun 04, 2020","Jun 04, 2020"
PEGASYSTEMS INC,Technology,Fixed Income,"3,683,193.92",0.19,"3,683,193.92","3,832,000.00",United States,--,USD,0.70,6.03,1.00,"Mar 01, 2025",0.75,0.77,--,6.03,0.77,6.03,USD,"Feb 24, 2020","Feb 24, 2020"
BURLINGTON STORES INC 144A,Consumer Cyclical,Fixed Income,"3,676,099.27",0.19,"3,676,099.27","3,200,000.00",United States,--,USD,1.33,1.09,1.00,"Dec 15, 2027",1.25,3.55,--,1.09,3.55,1.09,USD,"Sep 12, 2023","Sep 12, 2023"
LIVANOVA PLC 144A,Consumer Non-Cyclical,Fixed Income,"3,669,700.66",0.19,"3,669,700.66","3,200,000.00",United Kingdom,--,USD,1.66,2.18,1.00,"Mar 15, 2029",2.50,4.59,--,2.18,4.59,2.18,USD,"Mar 08, 2024","Mar 08, 2024"
FIVERR INTERNATIONAL LTD,Industrial Other,Fixed Income,"3,669,287.88",0.19,"3,669,287.88","4,014,000.00",Israel,--,USD,1.38,6.24,1.00,"Nov 01, 2025",0.00,1.37,--,6.24,1.37,6.24,USD,"Oct 13, 2020","Oct 13, 2020"
PERFICIENT INC,Technology,Fixed Income,"3,649,011.28",0.18,"3,649,011.28","3,795,000.00",United States,--,USD,1.86,1.70,1.00,"Nov 15, 2026",0.13,2.48,--,1.70,2.48,1.70,USD,"Nov 09, 2021","Nov 09, 2021"
EVOLENT HEALTH INC 144A,Consumer Non-Cyclical,Fixed Income,"3,633,310.80",0.18,"3,633,310.80","3,675,000.00",United States,--,USD,2.78,4.04,1.00,"Dec 01, 2029",3.50,4.90,--,4.04,4.90,4.04,USD,"Dec 08, 2023","Dec 08, 2023"
STARWOOD PROPERTY TRUST INC,Reits,Fixed Income,"3,614,141.52",0.18,"3,614,141.52","3,300,000.00",United States,--,USD,1.31,6.16,1.00,"Jul 15, 2027",6.75,2.80,--,6.16,2.60,6.16,USD,"Jul 03, 2023","Jul 03, 2023"
TRANSOCEAN INC 144A,Energy,Fixed Income,"3,605,854.53",0.18,"3,605,854.53","1,825,000.00",United States,--,USD,0.71,2.48,1.00,"Sep 30, 2029",4.63,5.25,--,2.48,5.25,2.48,USD,"Sep 30, 2022","Sep 30, 2022"
PROGRESS SOFTWARE CORP,Technology,Fixed Income,"3,507,405.32",0.18,"3,507,405.32","3,450,000.00",United States,--,USD,0.91,0.98,1.00,"Apr 15, 2026",1.00,1.90,--,0.98,1.90,0.98,USD,"Apr 13, 2021","Apr 13, 2021"
ALARMCOM HOLDINGS INC,Technology,Fixed Income,"3,495,943.76",0.18,"3,495,943.76","3,800,000.00",United States,--,USD,1.41,5.07,1.00,"Jan 15, 2026",0.00,1.59,--,5.07,1.59,5.07,USD,"Jan 20, 2021","Jan 20, 2021"
XEROX HOLDINGS CORP 144A,Technology,Fixed Income,"3,495,756.74",0.18,"3,495,756.74","3,950,000.00",United States,--,USD,2.80,6.27,1.00,"Mar 15, 2030",3.75,5.05,--,6.27,5.05,6.27,USD,"Mar 11, 2024","Mar 11, 2024"
CRYOPORT INC 144A,Capital Goods,Fixed Income,"3,479,541.91",0.18,"3,479,541.91","4,000,000.00",United States,--,USD,2.35,6.53,1.00,"Dec 01, 2026",0.75,2.43,--,6.53,2.43,6.53,USD,"Nov 12, 2021","Nov 12, 2021"
NUVASIVE INC.,Consumer Non-Cyclical,Fixed Income,"3,429,668.37",0.17,"3,429,668.37","3,587,000.00",United States,--,USD,0.75,5.92,1.00,"Mar 15, 2025",0.38,0.81,--,5.92,0.81,5.92,USD,"Mar 02, 2020","Mar 02, 2020"
TECHTARGET INC,Technology,Fixed Income,"3,407,151.32",0.17,"3,407,151.32","3,575,000.00",United States,--,USD,2.02,1.87,1.00,"Dec 15, 2026",0.00,2.54,--,1.87,2.54,1.87,USD,"Dec 13, 2021","Dec 13, 2021"
PATRICK INDUSTRIES INC,Capital Goods,Fixed Income,"3,405,948.06",0.17,"3,405,948.06","2,675,000.00",United States,--,USD,0.91,1.37,1.00,"Dec 01, 2028",1.75,4.46,--,1.37,4.46,1.37,USD,"Dec 13, 2021","Dec 13, 2021"
IMMUNOCORE HOLDINGS PLC 144A,Technology,Fixed Income,"3,389,885.11",0.17,"3,389,885.11","3,475,000.00",United Kingdom,--,USD,2.87,3.11,1.00,"Feb 01, 2030",2.50,5.23,--,3.11,5.23,3.11,USD,"Feb 02, 2024","Feb 02, 2024"
VARONIS SYSTEMS INC,Technology,Fixed Income,"3,368,589.63",0.17,"3,368,589.63","2,191,000.00",United States,--,USD,0.02,0.81,1.00,"Aug 15, 2025",1.25,1.47,--,0.81,1.47,0.81,USD,"May 11, 2020","May 11, 2020"
UPWORK INC,Technology,Fixed Income,"3,367,831.32",0.17,"3,367,831.32","3,841,000.00",United States,--,USD,1.92,6.23,1.00,"Aug 15, 2026",0.25,2.18,--,6.23,2.18,6.23,USD,"Aug 10, 2021","Aug 10, 2021"
SQUARE INC,Technology,Fixed Income,"3,360,906.62",0.17,"3,360,906.62","4,079,000.00",United States,--,USD,3.12,5.96,1.00,"Nov 01, 2027",0.25,3.35,--,5.96,3.35,5.96,USD,"Nov 13, 2020","Nov 13, 2020"
CORPORATE OFFICE PROPERTIES LP 144A,Reits,Fixed Income,"3,353,626.32",0.17,"3,353,626.32","3,188,000.00",United States,--,USD,2.40,4.99,1.00,"Sep 15, 2028",5.25,3.83,--,4.99,3.83,4.99,USD,"Sep 12, 2023","Sep 12, 2023"
NCL CORPORATION LTD,Consumer Cyclical,Fixed Income,"3,336,438.28",0.17,"3,336,438.28","3,600,000.00",United States,--,USD,2.19,5.66,1.00,"Feb 15, 2027",2.50,2.58,--,5.66,2.58,5.66,USD,"Feb 15, 2022","Feb 15, 2022"
PENNYMAC CORP,Reits,Fixed Income,"3,335,321.54",0.17,"3,335,321.54","3,485,000.00",United States,--,USD,1.33,8.63,1.00,"Mar 15, 2026",5.50,1.68,--,8.63,1.68,8.63,USD,"Mar 05, 2021","Mar 05, 2021"
WOLFSPEED INC,Technology,Fixed Income,"3,330,466.51",0.17,"3,330,466.51","5,700,000.00",United States,--,USD,3.03,15.23,1.00,"Feb 15, 2028",0.25,3.46,--,15.23,3.46,15.23,USD,"Feb 03, 2022","Feb 03, 2022"
NIO INC 144A,Consumer Cyclical,Fixed Income,"3,302,294.46",0.17,"3,302,294.46","4,575,000.00",China,--,USD,1.81,10.89,1.00,"Oct 15, 2029",3.88,4.56,--,14.63,2.96,14.63,USD,"Sep 22, 2023","Sep 22, 2023"
VERTEX INC 144A,Technology,Fixed Income,"3,298,511.17",0.17,"3,298,511.17","3,000,000.00",United States,--,USD,1.85,0.68,1.00,"May 01, 2029",0.75,4.91,--,0.68,4.91,0.68,USD,"Apr 26, 2024","Apr 26, 2024"
CEREVEL THERAPEUTICS HOLDINGS INC 144A,Technology,Fixed Income,"3,289,650.68",0.17,"3,289,650.68","2,925,000.00",United States,--,USD,1.02,2.22,1.00,"Aug 15, 2027",2.50,3.15,--,2.22,3.15,2.22,USD,"Aug 16, 2022","Aug 16, 2022"
SEMTECH CORPORATION,Technology,Fixed Income,"3,285,506.79",0.17,"3,285,506.79","2,625,000.00",United States,--,USD,0.92,1.30,1.00,"Nov 01, 2027",1.63,3.47,--,1.30,3.47,1.30,USD,"Oct 12, 2022","Oct 12, 2022"
REPAY HOLDINGS CORP 144A,Industrial Other,Fixed Income,"3,261,333.80",0.16,"3,261,333.80","3,605,000.00",United States,--,USD,1.50,5.94,1.00,"Feb 01, 2026",0.00,1.61,--,5.94,1.61,5.94,USD,"Jan 19, 2021","Jan 19, 2021"
WINNEBAGO INDUSTRIES INC 144A,Consumer Non-Cyclical,Fixed Income,"3,235,147.04",0.16,"3,235,147.04","3,200,000.00",United States,--,USD,2.53,3.23,1.00,"Jan 15, 2030",3.25,5.09,--,3.23,5.09,3.23,USD,"Jan 23, 2024","Jan 23, 2024"
ARRAY TECHNOLOGIES INC,Technology,Fixed Income,"3,213,656.34",0.16,"3,213,656.34","3,676,000.00",United States,--,USD,2.65,4.18,1.00,"Dec 01, 2028",1.00,4.33,--,4.18,4.33,4.18,USD,"Dec 03, 2021","Dec 03, 2021"
ARBOR REALTY TRUST INC,Reits,Fixed Income,"3,198,601.55",0.16,"3,198,601.55","3,125,000.00",United States,--,USD,0.80,7.33,1.00,"Aug 01, 2025",7.50,1.12,--,7.33,1.12,7.33,USD,"Aug 05, 2022","Aug 05, 2022"
CSG SYSTEMS INTERNATIONAL INC. 144A,Technology,Fixed Income,"3,102,676.18",0.16,"3,102,676.18","3,300,000.00",United States,--,USD,2.81,5.62,1.00,"Sep 15, 2028",3.88,3.88,--,5.62,3.88,5.62,USD,"Sep 11, 2023","Sep 11, 2023"
Q2 HOLDINGS INC,Technology,Fixed Income,"3,087,097.23",0.16,"3,087,097.23","3,080,000.00",United States,--,USD,1.28,0.80,1.00,"Jun 01, 2026",0.75,2.02,--,0.80,2.02,0.80,USD,"Jun 10, 2019","Jun 10, 2019"
MKS INSTRUMENTS INC 144A,Technology,Fixed Income,"3,074,456.01",0.16,"3,074,456.01","2,929,000.00",United States,--,USD,2.20,1.19,1.00,"Jun 01, 2030",1.25,5.83,--,1.19,5.83,1.19,USD,"May 16, 2024","May 16, 2024"
PACIRA BIOSCIENCES INC,Consumer Non-Cyclical,Fixed Income,"3,007,922.56",0.15,"3,007,922.56","3,185,000.00",United States,--,USD,1.07,5.75,1.00,"Aug 01, 2025",0.75,1.17,--,5.75,1.17,5.75,USD,"Jul 10, 2020","Jul 10, 2020"
PENN NATIONAL GAMING INC,Consumer Cyclical,Fixed Income,"2,997,426.23",0.15,"2,997,426.23","2,864,000.00",United States,--,USD,1.20,2.63,1.00,"May 15, 2026",2.75,1.96,--,2.63,1.96,2.63,USD,"May 14, 2020","May 14, 2020"
AMPHASTAR PHARMACEUTICALS INC 144A,Consumer Non-Cyclical,Fixed Income,"2,991,591.12",0.15,"2,991,591.12","3,025,000.00",United States,--,USD,2.42,2.32,1.00,"Mar 15, 2029",2.00,4.56,--,2.32,4.56,2.32,USD,"Sep 15, 2023","Sep 15, 2023"
MARATHON DIGITAL HOLDINGS INC,Industrial Other,Fixed Income,"2,979,531.19",0.15,"2,979,531.19","3,525,000.00",United States,--,USD,1.86,8.05,1.00,"Dec 01, 2026",1.00,2.41,--,8.05,2.41,8.05,USD,"Nov 18, 2021","Nov 18, 2021"
ALPHATEC HOLDINGS INC,Consumer Non-Cyclical,Fixed Income,"2,971,805.84",0.15,"2,971,805.84","3,008,000.00",United States,--,USD,1.33,1.40,1.00,"Aug 01, 2026",0.75,2.18,--,1.40,2.18,1.40,USD,"Aug 10, 2021","Aug 10, 2021"
BREAD FINANCIAL HOLDINGS INC 144A,Finance Companies,Fixed Income,"2,961,506.48",0.15,"2,961,506.48","2,300,000.00",United States,--,USD,1.07,3.30,1.00,"Jun 15, 2028",4.25,3.82,--,3.30,3.82,3.30,USD,"Jun 13, 2023","Jun 13, 2023"
AIR TRANSPORT SERVICES GROUP INC 144A,Transportation,Fixed Income,"2,957,399.51",0.15,"2,957,399.51","3,450,000.00",United States,--,USD,3.17,7.43,1.00,"Aug 15, 2029",3.88,4.53,--,7.43,4.53,7.43,USD,"Aug 14, 2023","Aug 14, 2023"
REALOGY GROUP LLC / REALOGY CO ISS,Consumer Cyclical,Fixed Income,"2,953,645.11",0.15,"2,953,645.11","3,475,000.00",United States,--,USD,1.73,8.29,1.00,"Jun 15, 2026",0.25,1.99,--,8.29,1.99,8.29,USD,"Jun 02, 2021","Jun 02, 2021"
SPHERE ENTERTAINMENT CO 144A,Consumer Cyclical,Fixed Income,"2,941,507.36",0.15,"2,941,507.36","2,275,000.00",United States,--,USD,1.06,2.71,1.00,"Dec 01, 2028",3.50,4.28,--,2.71,4.28,2.71,USD,"Dec 08, 2023","Dec 08, 2023"
IQIYI INC,Communications,Fixed Income,"2,938,864.28",0.15,"2,938,864.28","2,910,000.00",China,--,USD,0.40,4.28,1.00,"Dec 15, 2026",4.00,2.39,--,7.40,0.20,7.40,USD,"Dec 21, 2020","Dec 21, 2020"
JOHN BEAN TECHNOLOGIES CORP,Capital Goods,Fixed Income,"2,921,835.20",0.15,"2,921,835.20","3,200,000.00",United States,--,USD,1.59,4.86,1.00,"May 15, 2026",0.25,1.95,--,4.86,1.95,4.86,USD,"May 28, 2021","May 28, 2021"
JOYY INC,Technology,Fixed Income,"2,920,367.73",0.15,"2,920,367.73","2,925,000.00",Cayman Islands,--,USD,0.09,1.73,1.00,"Jun 15, 2026",1.38,2.03,--,10.17,0.08,10.17,USD,"Jun 24, 2019","Jun 24, 2019"
BILIBILI INC,Communications,Fixed Income,"2,915,720.96",0.15,"2,915,720.96","3,000,000.00",China,--,USD,0.61,1.73,1.00,"Dec 01, 2026",0.50,2.50,--,6.26,0.53,6.26,USD,"Nov 23, 2021","Nov 23, 2021"
MIRUM PHARMACEUTICALS INC,Technology,Fixed Income,"2,892,471.82",0.15,"2,892,471.82","2,550,000.00",United States,--,USD,2.43,3.53,1.00,"May 01, 2029",4.00,4.54,--,3.53,4.54,3.53,USD,"Apr 17, 2023","Apr 17, 2023"
LYFT INC,Consumer Cyclical,Fixed Income,"2,870,287.05",0.14,"2,870,287.05","2,965,000.00",United States,--,USD,0.84,4.81,1.00,"May 15, 2025",1.50,0.97,--,4.81,0.97,4.81,USD,"May 15, 2020","May 15, 2020"
REDFIN CORP,Consumer Cyclical,Fixed Income,"2,838,430.01",0.14,"2,838,430.01","4,850,000.00",United States,--,USD,2.41,20.24,1.00,"Apr 01, 2027",0.50,2.59,--,20.24,2.59,20.24,USD,"Mar 25, 2021","Mar 25, 2021"
WEIBO CORP 144A,Communications,Fixed Income,"2,817,332.89",0.14,"2,817,332.89","2,675,000.00",China,--,USD,2.05,1.31,1.00,"Dec 01, 2030",1.38,6.23,--,1.31,6.23,1.31,USD,"Dec 04, 2023","Dec 04, 2023"
CHEFS WAREHOUSE INC,Consumer Non-Cyclical,Fixed Income,"2,801,677.83",0.14,"2,801,677.83","2,500,000.00",United States,--,USD,1.25,2.12,1.00,"Dec 15, 2028",2.38,4.35,--,2.12,4.35,2.12,USD,"Dec 13, 2022","Dec 13, 2022"
NATIONAL VISION HOLDINGS INC,Consumer Cyclical,Fixed Income,"2,793,173.07",0.14,"2,793,173.07","2,822,000.00",United States,--,USD,0.82,3.55,1.00,"May 15, 2025",2.50,0.98,--,3.55,0.98,3.55,USD,"May 12, 2020","May 12, 2020"
RAPID7 INC 144A,Technology,Fixed Income,"2,696,871.04",0.14,"2,696,871.04","2,925,000.00",United States,--,USD,2.72,3.04,1.00,"Mar 15, 2029",1.25,4.62,--,3.04,4.62,3.04,USD,"Sep 08, 2023","Sep 08, 2023"
SPIRIT AIRLINES INC,Transportation,Fixed Income,"2,633,239.13",0.13,"2,633,239.13","4,900,000.00",United States,--,USD,1.35,35.09,1.00,"May 15, 2026",1.00,1.68,--,35.09,1.68,35.09,USD,"Apr 30, 2021","Apr 30, 2021"
FASTLY INC,Technology,Fixed Income,"2,607,964.26",0.13,"2,607,964.26","2,900,000.00",United States,--,USD,1.70,5.87,1.00,"Mar 15, 2026",0.00,1.73,--,5.87,1.73,5.87,USD,"Mar 05, 2021","Mar 05, 2021"
CHEGG INC,Consumer Non-Cyclical,Fixed Income,"2,605,891.90",0.13,"2,605,891.90","2,781,000.00",United States,--,USD,0.79,8.12,1.00,"Mar 15, 2025",0.13,0.80,--,8.12,0.80,8.12,USD,"Mar 26, 2019","Mar 26, 2019"
CHEESECAKE FACTORY INC,Consumer Cyclical,Fixed Income,"2,572,534.38",0.13,"2,572,534.38","2,825,000.00",United States,--,USD,1.60,5.03,1.00,"Jun 15, 2026",0.38,2.02,--,5.03,2.02,5.03,USD,"Jun 15, 2021","Jun 15, 2021"
LENDINGTREE INC,Consumer Cyclical,Fixed Income,"2,560,132.67",0.13,"2,560,132.67","2,736,000.00",United States,--,USD,1.07,6.46,1.00,"Jul 15, 2025",0.50,1.13,--,6.46,1.13,6.46,USD,"Jul 24, 2020","Jul 24, 2020"
WORLD KINECT CORPORATION 144A,Consumer Cyclical,Fixed Income,"2,524,644.58",0.13,"2,524,644.58","2,350,000.00",United States,--,USD,1.55,3.03,1.00,"Jul 01, 2028",3.25,3.83,--,3.03,3.83,3.03,USD,"Jun 26, 2023","Jun 26, 2023"
JAMF HOLDING CORP,Technology,Fixed Income,"2,517,488.95",0.13,"2,517,488.95","2,850,000.00",United States,--,USD,1.98,5.63,1.00,"Sep 01, 2026",0.13,2.23,--,5.63,2.23,5.63,USD,"Sep 17, 2021","Sep 17, 2021"
EVERBRIDGE INC,Technology,Fixed Income,"2,508,067.19",0.13,"2,508,067.19","2,550,000.00",United States,--,USD,1.33,0.91,1.00,"Mar 15, 2026",0.00,1.82,--,0.91,1.82,0.91,USD,"Mar 11, 2021","Mar 11, 2021"
TRIPADVISOR INC,Consumer Cyclical,Fixed Income,"2,487,948.28",0.13,"2,487,948.28","2,700,000.00",United States,--,USD,1.52,4.68,1.00,"Apr 01, 2026",0.25,1.83,--,4.68,1.83,4.68,USD,"Mar 25, 2021","Mar 25, 2021"
SUNNOVA ENERGY INT,Electric,Fixed Income,"2,451,514.30",0.12,"2,451,514.30","5,475,000.00",United States,--,USD,1.88,34.74,1.00,"Dec 01, 2026",0.25,2.15,--,34.74,2.15,34.74,USD,"May 20, 2021","May 20, 2021"
MP MATERIALS CORP 144A,Basic Industry,Fixed Income,"2,348,710.89",0.12,"2,348,710.89","2,625,000.00",United States,--,USD,1.50,6.30,1.00,"Apr 01, 2026",0.25,1.82,--,6.30,1.82,6.30,USD,"Mar 26, 2021","Mar 26, 2021"
UNITI GROUP INC 144A,Communications,Fixed Income,"2,308,526.27",0.12,"2,308,526.27","2,325,000.00",United States,--,USD,2.42,8.88,1.00,"Dec 01, 2027",7.50,2.93,--,8.88,2.93,8.88,USD,"Dec 12, 2022","Dec 12, 2022"
TRAVERE THERAPEUTICS INC,Technology,Fixed Income,"2,304,090.90",0.12,"2,304,090.90","3,800,000.00",United States,--,USD,3.56,13.90,1.00,"Mar 01, 2029",2.25,4.17,--,13.90,4.17,13.90,USD,"Mar 11, 2022","Mar 11, 2022"
LIBERTY TRIPADVISOR HOLDINGS INC 144A,Consumer Cyclical,Fixed Income,"2,302,277.60",0.12,"2,302,277.60","2,475,000.00",United States,--,USD,0.75,0.79,1.00,"Mar 27, 2025",0.50,25.23,--,9.14,0.85,9.14,USD,"Mar 25, 2021","Mar 25, 2021"
CALLAWAY GOLF COMPANY,Consumer Cyclical,Fixed Income,"2,266,967.94",0.11,"2,266,967.94","2,023,000.00",United States,--,USD,0.92,2.45,1.00,"May 01, 2026",2.75,1.95,--,2.45,1.95,2.45,USD,"May 04, 2020","May 04, 2020"
OPENDOOR TECHNOLOGIES INC 144A,Consumer Cyclical,Fixed Income,"2,227,269.06",0.11,"2,227,269.06","2,775,000.00",United States,--,USD,1.89,10.34,1.00,"Aug 15, 2026",0.25,2.13,--,10.34,2.13,10.34,USD,"Aug 20, 2021","Aug 20, 2021"
ENVESTNET INC,Technology,Fixed Income,"2,214,429.63",0.11,"2,214,429.63","2,260,000.00",United States,--,USD,0.96,2.55,1.00,"Aug 15, 2025",0.75,1.23,--,2.55,1.23,2.55,USD,"Aug 20, 2020","Aug 20, 2020"
BLACKLINE INC,Technology,Fixed Income,"2,203,787.53",0.11,"2,203,787.53","2,213,000.00",United States,--,USD,0.16,2.28,1.00,"Aug 01, 2024",0.13,0.21,--,2.28,0.21,2.28,USD,"Aug 13, 2019","Aug 13, 2019"
NEOGENOMICS INC,Consumer Non-Cyclical,Fixed Income,"2,201,121.35",0.11,"2,201,121.35","2,779,000.00",United States,--,USD,2.89,6.78,1.00,"Jan 15, 2028",0.25,3.53,--,6.78,3.53,6.78,USD,"Jan 11, 2021","Jan 11, 2021"
2U INC,Technology,Fixed Income,"2,184,783.47",0.11,"2,184,783.47","4,039,000.00",United States,--,USD,0.50,50.00,1.00,"May 01, 2025",2.25,0.68,--,50.00,0.68,50.00,USD,"Apr 23, 2020","Apr 23, 2020"
LUMINAR TECHNOLOGIES INC 144A,Consumer Cyclical,Fixed Income,"2,163,332.06",0.11,"2,163,332.06","5,750,000.00",United States,--,USD,1.70,44.66,1.00,"Dec 15, 2026",1.25,2.03,--,44.66,2.03,44.66,USD,"Dec 17, 2021","Dec 17, 2021"
VERINT SYSTEMS INC,Technology,Fixed Income,"2,051,617.99",0.10,"2,051,617.99","2,235,000.00",United States,--,USD,1.60,4.79,1.00,"Apr 15, 2026",0.25,1.87,--,4.79,1.87,4.79,USD,"Apr 09, 2021","Apr 09, 2021"
PAR TECHNOLOGY CORP,Technology,Fixed Income,"2,047,032.83",0.10,"2,047,032.83","2,246,000.00",United States,--,USD,2.10,4.36,1.00,"Oct 15, 2027",1.50,3.26,--,4.36,3.26,4.36,USD,"Sep 17, 2021","Sep 17, 2021"
BIGCOMMERCE HOLDINGS INC,Technology,Fixed Income,"2,023,939.15",0.10,"2,023,939.15","2,375,000.00",United States,--,USD,2.00,7.13,1.00,"Oct 01, 2026",0.25,2.29,--,7.13,2.29,7.13,USD,"Sep 14, 2021","Sep 14, 2021"
LITHIUM AMERICAS CORP,Basic Industry,Fixed Income,"2,002,495.57",0.10,"2,002,495.57","2,615,000.00",Canada,--,USD,2.34,12.63,1.00,"Jan 15, 2027",1.75,2.44,--,12.63,2.44,12.63,USD,"Dec 06, 2021","Dec 06, 2021"
PROS HOLDINGS INC,Technology,Fixed Income,"1,993,404.24",0.10,"1,993,404.24","2,000,000.00",United States,--,USD,1.32,2.47,1.00,"Sep 15, 2027",2.25,3.18,--,2.47,3.18,2.47,USD,"Sep 15, 2020","Sep 15, 2020"
SUNRUN INC,Technology,Fixed Income,"1,991,112.28",0.10,"1,991,112.28","2,300,000.00",United States,--,USD,1.58,8.61,1.00,"Feb 01, 2026",0.00,1.57,--,8.61,1.57,8.61,USD,"Jan 28, 2021","Jan 28, 2021"
SUNNOVA ENERGY INTERNATIONAL INC,Electric,Fixed Income,"1,965,891.81",0.10,"1,965,891.81","5,975,000.00",United States,--,USD,2.38,37.88,1.00,"Feb 15, 2028",2.63,2.84,--,37.88,2.84,37.88,USD,"Aug 19, 2022","Aug 19, 2022"
CRACKER BARREL OLD COUNTRY STORE I,Consumer Cyclical,Fixed Income,"1,933,288.16",0.10,"1,933,288.16","2,200,000.00",United States,--,USD,1.85,7.13,1.00,"Jun 15, 2026",0.63,2.00,--,7.13,2.00,7.13,USD,"Jun 18, 2021","Jun 18, 2021"
BLACKSTONE MORTGAGE TRUST INC,Reits,Fixed Income,"1,912,562.38",0.10,"1,912,562.38","2,097,000.00",United States,--,USD,2.30,9.48,1.00,"Mar 15, 2027",5.50,2.51,--,9.48,2.51,9.48,USD,"Mar 29, 2022","Mar 29, 2022"
VIAVI SOLUTIONS INC,Technology,Fixed Income,"1,910,914.42",0.10,"1,910,914.42","2,050,000.00",United States,--,USD,1.42,5.73,1.00,"Mar 15, 2026",1.63,1.76,--,5.73,1.76,5.73,USD,"Mar 06, 2023","Mar 06, 2023"
HERBALIFE NUTRITION LTD 144A,Consumer Non-Cyclical,Fixed Income,"1,882,533.70",0.10,"1,882,533.70","2,025,000.00",United States,--,USD,1.48,6.75,1.00,"Jun 15, 2028",4.25,3.58,--,6.75,3.58,6.75,USD,"Dec 09, 2022","Dec 09, 2022"
TWO HARBORS INVESTMENT CORP,Reits,Fixed Income,"1,850,967.08",0.09,"1,850,967.08","1,875,000.00",United States,--,USD,1.41,8.45,1.00,"Jan 15, 2026",6.25,1.51,--,8.45,1.51,8.45,USD,"Feb 01, 2021","Feb 01, 2021"
CABLE ONE INC,Communications,Fixed Income,"1,835,760.26",0.09,"1,835,760.26","2,466,000.00",United States,--,USD,3.49,9.25,1.00,"Mar 15, 2028",1.13,3.57,--,9.25,3.57,9.25,USD,"Mar 05, 2021","Mar 05, 2021"
SUMMIT HOTEL PROPERTIES INC 144A,Reits,Fixed Income,"1,804,556.35",0.09,"1,804,556.35","2,020,000.00",United States,--,USD,1.45,8.41,1.00,"Feb 15, 2026",1.50,1.66,--,8.41,1.66,8.41,USD,"Jan 12, 2021","Jan 12, 2021"
PTC THERAPEUTICS INC,Technology,Fixed Income,"1,798,173.59",0.09,"1,798,173.59","1,825,000.00",United States,--,USD,1.16,2.26,1.00,"Sep 15, 2026",1.50,2.27,--,2.26,2.27,2.26,USD,"Sep 20, 2019","Sep 20, 2019"
LIVEPERSON INC,Technology,Fixed Income,"1,766,911.64",0.09,"1,766,911.64","4,085,000.00",United States,--,USD,1.91,35.22,1.00,"Dec 15, 2026",0.00,1.87,--,35.22,1.87,35.22,USD,"Dec 04, 2020","Dec 04, 2020"
PORCH GROUP INC 144A,Technology,Fixed Income,"1,752,525.89",0.09,"1,752,525.89","2,600,000.00",United States,--,USD,2.18,18.12,1.00,"Oct 01, 2024",6.75,3.37,--,21.23,2.65,21.23,USD,"Apr 20, 2023","Apr 20, 2023"
XOMETRY INC,Industrial Other,Fixed Income,"1,710,959.59",0.09,"1,710,959.59","2,150,000.00",United States,--,USD,2.31,9.89,1.00,"Feb 01, 2027",1.00,2.54,--,9.89,2.54,9.89,USD,"Feb 04, 2022","Feb 04, 2022"
ESPERION THERAPEUTICS INC,Consumer Non-Cyclical,Fixed Income,"1,700,810.87",0.09,"1,700,810.87","2,046,000.00",United States,--,USD,1.27,17.24,1.00,"Nov 15, 2025",4.00,1.35,--,17.24,1.35,17.24,USD,"Nov 16, 2020","Nov 16, 2020"
REVANCE THERAPEUTICS INC,Technology,Fixed Income,"1,686,665.39",0.09,"1,686,665.39","2,521,000.00",United States,--,USD,2.31,17.66,1.00,"Feb 15, 2027",1.75,2.45,--,17.66,2.45,17.66,USD,"Feb 14, 2020","Feb 14, 2020"
MODEL N INC,Technology,Fixed Income,"1,675,818.40",0.08,"1,675,818.40","1,700,000.00",United States,--,USD,1.98,2.35,1.00,"Mar 15, 2028",1.88,3.66,--,2.35,3.66,2.35,USD,"Mar 13, 2023","Mar 13, 2023"
NEW MOUNTAIN FINANCE CORP,Finance Companies,Fixed Income,"1,644,473.39",0.08,"1,644,473.39","1,600,000.00",United States,--,USD,0.51,7.30,1.00,"Oct 15, 2025",7.50,1.32,--,7.30,1.32,7.30,USD,"Nov 02, 2022","Nov 02, 2022"
BEYOND MEAT INC,Consumer Non-Cyclical,Fixed Income,"1,620,474.41",0.08,"1,620,474.41","7,075,000.00",United States,--,USD,1.72,50.00,1.00,"Mar 15, 2027",0.00,1.68,--,50.00,1.68,50.00,USD,"Mar 05, 2021","Mar 05, 2021"
NABORS INDUSTRIES INC 144A,Energy,Fixed Income,"1,598,181.06",0.08,"1,598,181.06","2,150,000.00",United States,--,USD,3.38,8.20,1.00,"Jun 15, 2029",1.75,4.61,--,8.20,4.61,8.20,USD,"Feb 14, 2023","Feb 14, 2023"
SHAKE SHACK INC,Consumer Cyclical,Fixed Income,"1,580,663.95",0.08,"1,580,663.95","1,750,000.00",United States,--,USD,2.28,2.70,1.00,"Mar 01, 2028",0.00,3.69,--,2.70,3.69,2.70,USD,"Mar 04, 2021","Mar 04, 2021"
BANDWIDTH INC,Communications,Fixed Income,"1,530,325.16",0.08,"1,530,325.16","2,029,000.00",United States,--,USD,3.48,8.02,1.00,"Apr 01, 2028",0.50,3.69,--,8.02,3.69,8.02,USD,"Mar 16, 2021","Mar 16, 2021"
INNOVIVA INC,Industrial Other,Fixed Income,"1,464,811.49",0.07,"1,464,811.49","1,650,000.00",United States,--,USD,2.18,5.52,1.00,"Mar 15, 2028",2.13,3.58,--,5.52,3.58,5.52,USD,"Mar 07, 2022","Mar 07, 2022"
VIRGIN GALACTIC HOLDINGS INC 144A,Finance Companies,Fixed Income,"1,286,501.56",0.06,"1,286,501.56","4,138,000.00",United States,--,USD,1.58,50.00,1.00,"Feb 01, 2027",2.50,1.97,--,50.00,1.97,50.00,USD,"Jan 19, 2022","Jan 19, 2022"
VROOM INC,Technology,Fixed Income,"1,107,604.51",0.06,"1,107,604.51","2,325,000.00",United States,--,USD,1.50,39.61,1.00,"Jul 01, 2026",0.75,1.75,--,39.61,1.75,39.61,USD,"Jun 18, 2021","Jun 18, 2021"
REALREAL INC,Consumer Cyclical,Fixed Income,"1,062,333.08",0.05,"1,062,333.08","2,154,000.00",United States,--,USD,3.08,21.17,1.00,"Mar 01, 2028",1.00,3.33,--,21.17,3.33,21.17,USD,"Mar 08, 2021","Mar 08, 2021"
MERITAGE HOMES CORP 144A,Consumer Cyclical,Fixed Income,"1,058,819.43",0.05,"1,058,819.43","1,000,000.00",United States,--,USD,2.15,1.65,1.00,"May 15, 2028",1.75,3.88,--,1.65,3.88,1.65,USD,"May 09, 2024","May 09, 2024"
STEM INC 144A,Finance Companies,Fixed Income,"918,185.74",0.05,"918,185.74","2,203,000.00",United States,--,USD,3.71,21.19,1.00,"Dec 01, 2028",0.50,4.01,--,21.19,4.01,21.19,USD,"Nov 22, 2021","Nov 22, 2021"
GANNETT CO INC,Communications,Equity,"794,300.00",0.04,"794,300.00","235,000.00",United States,New York Stock Exchange Inc.,USD,0.00,--,1.00,--,0.00,0.00,--,--,0.00,--,USD,--,--
SNAP INC 144A,Technology,Fixed Income,"266,902.53",0.01,"266,902.53","264,000.00",United States,--,USD,2.27,0.49,1.00,"May 01, 2030",0.50,5.87,--,0.49,5.87,0.49,USD,"May 13, 2024","May 13, 2024"
FISKER INC 144A,Consumer Cyclical,Fixed Income,"172,085.97",0.01,"172,085.97","12,475,000.00",United States,--,USD,2.07,50.00,1.00,"Sep 15, 2026",2.50,0.39,--,50.00,0.39,50.00,USD,"Aug 17, 2021","Aug 17, 2021"
FARFETCH LTD,Technology,Fixed Income,"74,532.17",0.00,"74,532.17","2,275,000.00",Cayman Islands,--,USD,0.44,50.00,1.00,"May 01, 2027",3.75,0.88,--,50.00,0.88,50.00,USD,"Apr 30, 2020","Apr 30, 2020"
USD CASH,Cash and/or Derivatives,Cash,"-2,092,788.72",-0.11,"-2,092,788.72","-2,092,789.00",United States,--,USD,0.00,5.34,1.00,--,0.00,0.00,--,5.34,0.00,5.34,USD,--,"Jan 01, 1989"
